id,Date,Aéroport_départ,depart_x,depart_y,départ_IATA,Heurelocale,destination_IATA,Durée_trajet,HeureArrivé,Aéroport_Destination,destination_x,destination_y,Num_Vol,Prix_Camp1,Compagnie
,2021-04-20,Antalya Airport,36.90591678165104,30.80168679901064,AYT,08:35,SVO,03:42,12:17,Aéroport de Moscou-Cheremetievo,55.9741553226849,37.412529654098726,N41804,139,Nordwind Airlines
,2021-04-20,Antalya Airport,36.90591678165104,30.80168679901064,AYT,09:00,SVO,03:40,12:40,Aéroport de Moscou-Cheremetievo,55.9741553226849,37.412529654098726,RL7710,141,Royal Flight
,2021-04-19,Antalya Airport,36.90591678165104,30.80168679901064,AYT,14:20,SVO,04:20,18:00,Aéroport de Moscou-Cheremetievo,55.9741553226849,37.412529654098726,SU2143,140,Aeroflot
,2021-04-19,Antalya Airport,36.90591678165104,30.80168679901064,AYT,15:25,SVO,03:43,19:12,Aéroport de Moscou-Cheremetievo,55.9741553226849,37.412529654098726,EO1802,149,Hewa Bora Airways
,2021-04-20,Aéroport de Moscou-Cheremetievo,55.9741553226849,37.412529654098726,SVO,04:00,AYT,03:42,07:42,Antalya Airport,36.90591678165104,30.80168679901064,RL7709,179,Royal Flight
,2021-04-20,Aéroport de Moscou-Cheremetievo,55.9741553226849,37.412529654098726,SVO,10:00,LHR,04:00,14:00,Heathrow Airport,51.47397190914563,-0.4547353841720964,SU2578,166,Aeroflot
,2021-04-20,Aéroport de Moscou-Cheremetievo,55.9741553226849,37.412529654098726,SVO,03:10,AYT,03:43,07:53,Antalya Airport,36.90591678165104,30.80168679901064,N41803,175,Nordwind Airlines
,2021-04-20,Antalya Airport,36.90591678165104,30.80168679901064,AYT,15:30,SVO,03:44,19:17,Aéroport de Moscou-Cheremetievo,55.9741553226849,37.412529654098726,N41802,140,Nordwind Airlines
,2021-04-20,Antalya Airport,36.90591678165104,30.80168679901064,AYT,16:40,FRA,03:45,20:25,Flughafen Frankfurt/Main,50.04636632467995,8.561325677686595,XQ140,80,SunExpress
,2021-04-20,Antalya Airport,36.90591678165104,30.80168679901064,AYT,16:40,FRA,03:50,20:30,Flughafen Frankfurt/Main,50.04636632467995,8.561325677686595,LH9595,84,Lufthansa
,2021-04-23,Antalya Airport,36.90591678165104,30.80168679901064,AYT,10:00,SVO,03:55,13:55,Aéroport de Moscou-Cheremetievo,55.9741553226849,37.412529654098726,RL7702,150,Royal Flight
,2021-04-19,Aéroport de Moscou-Cheremetievo,55.9741553226849,37.412529654098726,SVO,16:35,AYT,03:44,20:19,Antalya Airport,36.90591678165104,30.80168679901064,SU2146,180,Aeroflot
,2021-04-23,Antalya Airport,36.90591678165104,30.80168679901064,AYT,17:30,SVO,03:44,21:14,Aéroport de Moscou-Cheremetievo,55.9741553226849,37.412529654098726,N41802,152,Nordwind Airlines
,2021-04-23,Antalya Airport,36.90591678165104,30.80168679901064,AYT,17:40,SVO,03:43,21:23,Aéroport de Moscou-Cheremetievo,55.9741553226849,37.412529654098726,EO1804,149,Hewa Bora Airways
,2021-04-23,Antalya Airport,36.90591678165104,30.80168679901064,AYT,18:00,SVO,03:40,21:40,Aéroport de Moscou-Cheremetievo,55.9741553226849,37.412529654098726,RL7710,147,Royal Flight
,2021-04-23,Aéroport de Moscou-Cheremetievo,55.9741553226849,37.412529654098726,SVO,02:20,AYT,03:44,06:04,Antalya Airport,36.90591678165104,30.80168679901064,EO1803,185,Hewa Bora Airways
,2021-04-23,Aéroport de Moscou-Cheremetievo,55.9741553226849,37.412529654098726,SVO,03:05,AYT,03:43,06:48,Antalya Airport,36.90591678165104,30.80168679901064,RL7701,181,Royal Flight
,2021-04-23,Aéroport de Moscou-Cheremetievo,55.9741553226849,37.412529654098726,SVO,05:40,AMS,03:55,09:35,Amsterdam Airport Schiphol,52.315831708548586,4.771203370264353,KL900,150,KLM
,2021-04-23,Aéroport de Moscou-Cheremetievo,55.9741553226849,37.412529654098726,SVO,06:05,AMS,03:50,09:55,Amsterdam Airport Schiphol,52.315831708548586,4.771203370264353,RU535,129,AirBridgeCargo Airlines
,2021-04-23,Aéroport de Moscou-Cheremetievo,55.9741553226849,37.412529654098726,SVO,08:30,AYT,03:43,12:13,Antalya Airport,36.90591678165104,30.80168679901064,N41801,190,Nordwind Airlines
,2021-04-23,Aéroport de Moscou-Cheremetievo,55.9741553226849,37.412529654098726,SVO,10:00,LHR,04:05,14:05,Heathrow Airport,51.47397190914563,-0.4547353841720964,SU2578,169,Aeroflot
,2021-04-23,Aéroport de Moscou-Cheremetievo,55.9741553226849,37.412529654098726,SVO,10:15,FRA,03:30,13:35,Flughafen Frankfurt/Main,50.04636632467995,8.561325677686595,SU2300,90,Aeroflot
,2021-04-23,Aéroport de Moscou-Cheremetievo,55.9741553226849,37.412529654098726,SVO,11:05,FRA,03:32,15:37,Flughafen Frankfurt/Main,50.04636632467995,8.561325677686595,RU565,89,AirBridgeCargo Airlines
,2021-04-23,Aéroport de Moscou-Cheremetievo,55.9741553226849,37.412529654098726,SVO,13:15,AYT,03:43,16:58,Antalya Airport,36.90591678165104,30.80168679901064,RL205,182,Royal Flight
,2021-04-23,Aéroport de Moscou-Cheremetievo,55.9741553226849,37.412529654098726,SVO,15:50,CDG,03:40,21:30,Aéroport de Paris-Charles de Gaulle,49.0142434999854,2.544806865954252,AF1155,560,Air France
,2021-04-23,Aéroport de Moscou-Cheremetievo,55.9741553226849,37.412529654098726,SVO,17:00,AMS,03:50,20:50,Amsterdam Airport Schiphol,52.315831708548586,4.771203370264353,KL904,135,KLM
,2021-04-23,Aéroport de Paris-Charles de Gaulle,49.0142434999854,2.544806865954252,CDG,07:00,FRA,01:30,08:30,Flughafen Frankfurt/Main,50.04636632467995,8.561325677686595,LH1051,99,Lufthansa
,2021-04-23,Aéroport de Paris-Charles de Gaulle,49.0142434999854,2.544806865954252,CDG,07:10,AMS,01:15,08:25,Amsterdam Airport Schiphol,52.315831708548586,4.771203370264353,AF1240,150,Air France
,2021-04-23,Aéroport de Paris-Charles de Gaulle,49.0142434999854,2.544806865954252,CDG,09:20,SVO,03:43,13:03,Aéroport de Moscou-Cheremetievo,55.9741553226849,37.412529654098726,AF1154,337,Air France
,2021-04-23,Aéroport de Paris-Charles de Gaulle,49.0142434999854,2.544806865954252,CDG,10:05,MAD,02:05,12:10,Aeropuerto de Adolfo Suárez Madrid-Barajas,40.49848719017528,-3.5676196599853203,AF1300,80,Air France
,2021-04-23,Aéroport de Paris-Charles de Gaulle,49.0142434999854,2.544806865954252,CDG,10:10,FRA,01:30,11:40,Flughafen Frankfurt/Main,49.0142434999854,2.544806865954252,LH1027,100,Lufthansa
,2021-04-23,Aéroport de Paris-Charles de Gaulle,49.0142434999854,2.544806865954252,CDG,10:15,LHR,01:10,11:25,Heathrow Airport,51.47397190914563,-0.4547353841720964,AF1580,150,Air France
,2021-04-23,Aéroport de Paris-Charles de Gaulle,49.0142434999854,2.544806865954252,CDG,12:20,AMS,01:20,13:40,Amsterdam Airport Schiphol,52.315831708548586,4.771203370264353,KL1230,153,KLM
,2021-04-23,Aéroport de Paris-Charles de Gaulle,49.0142434999854,2.544806865954252,CDG,14:30,AMS,01:15,15:45,Amsterdam Airport Schiphol,52.315831708548586,4.771203370264353,AF1740,154,Air France
,2021-04-23,Aéroport de Paris-Charles de Gaulle,49.0142434999854,2.544806865954252,CDG,14:50,AMS,01:25,16:15,Amsterdam Airport Schiphol,52.315831708548586,4.771203370264353,KL1234,160,KLM
,2021-04-23,Aéroport de Paris-Charles de Gaulle,49.0142434999854,2.544806865954252,CDG,16:00,MAD,02:10,18:10,Aeropuerto de Adolfo Suárez Madrid-Barajas,40.49848719017528,-3.5676196599853203,AF1800,79,Air France
,2021-04-23,Aéroport de Paris-Charles de Gaulle,49.0142434999854,2.544806865954252,CDG,16:40,CAI,04:45,21:25,Cairo International Airport,30.111387712189778,31.387836926213836,MS800,450,Egyptair
,2021-04-23,Aéroport de Paris-Charles de Gaulle,49.0142434999854,2.544806865954252,CDG,18:25,AMS,01:12,19:37,Amsterdam Airport Schiphol,52.315831708548586,4.771203370264353,AF1140,159,Air France
,2021-04-23,Aéroport de Paris-Charles de Gaulle,49.0142434999854,2.544806865954252,CDG,18:35,FRA,01:33,20:08,Flughafen Frankfurt/Main,50.04636632467995,8.561325677686595,LH1041,105,Lufthansa
,2021-04-23,Aéroport de Paris-Charles de Gaulle,49.0142434999854,2.544806865954252,CDG,20:55,AMS,01:25,22:20,Amsterdam Airport Schiphol,52.315831708548586,4.771203370264353,KL1244,160,KLM
,2021-04-23,Aéroport de Paris-Charles de Gaulle,49.0142434999854,2.544806865954252,CDG,20:55,LHR,01:15,22:10,Heathrow Airport,51.47397190914563,-0.4547353841720964,AF1380,155,Air France
,2021-04-23,Aéroport de Paris-Charles de Gaulle,49.0142434999854,2.544806865954252,CDG,08:00,MAD,02:05,10:05,Aeropuerto de Adolfo Suárez Madrid-Barajas,40.49848719017528,-3.5676196599853203,AF1400,83,Air France
,2021-04-23,Amsterdam Airport Schiphol,52.315831708548586,4.771203370264353,AMS,08:05,CDG,01:22,09:27,Aéroport de Paris-Charles de Gaulle,49.0142434999854,2.544806865954252,KL1229,260,KLM
,2021-04-23,Amsterdam Airport Schiphol,52.315831708548586,4.771203370264353,AMS,08:40,FRA,01:15,09:55,Flughafen Frankfurt/Main,50.04636632467995,8.561325677686595,LH1003,140,Lufthansa
,2021-04-23,Amsterdam Airport Schiphol,52.315831708548586,4.771203370264353,AMS,09:30,LHR,01:33,11:03,Heathrow Airport,51.47397190914563,-0.4547353841720964,KL1007,70,KLM
,2021-04-23,Amsterdam Airport Schiphol,52.315831708548586,4.771203370264353,AMS,09:30,CDG,01:22,10:52,Aéroport de Paris-Charles de Gaulle,49.0142434999854,2.544806865954252,AF1241,275,Air France
,2021-04-23,Amsterdam Airport Schiphol,52.315831708548586,4.771203370264353,AMS,09:50,MAD,02:35,12:25,Aeropuerto de Adolfo Suárez Madrid-Barajas,40.49848719017528,-3.5676196599853203,KL1701,90,KLM
,2021-04-23,Amsterdam Airport Schiphol,52.315831708548586,4.771203370264353,AMS,11:15,FRA,01:10,12:25,Flughafen Frankfurt/Main,50.04636632467995,8.561325677686595,KL1765,150,KLM
,2021-04-23,Amsterdam Airport Schiphol,52.315831708548586,4.771203370264353,AMS,11:50,FRA,01:15,13:05,Flughafen Frankfurt/Main,50.04636632467995,8.561325677686595,LH989,156,Lufthansa
,2021-04-23,Amsterdam Airport Schiphol,52.315831708548586,4.771203370264353,AMS,12:25,SVO,03:55,16:20,Aéroport de Moscou-Cheremetievo,55.9741553226849,37.412529654098726,KL903,300,KLM
,2021-04-23,Amsterdam Airport Schiphol,52.315831708548586,4.771203370264353,AMS,13:15,CDG,01:15,14:30,Aéroport de Paris-Charles de Gaulle,49.0142434999854,2.544806865954252,KL1233,265,KLM
,2021-04-23,Amsterdam Airport Schiphol,52.315831708548586,4.771203370264353,AMS,13:50,SVO,03:50,17:40,Aéroport de Moscou-Cheremetievo,55.9741553226849,37.412529654098726,RU536,290,AirBridgeCargo Airlines
,2021-04-23,Amsterdam Airport Schiphol,52.315831708548586,4.771203370264353,AMS,14:30,MAD,02:30,17:00,Aeropuerto de Adolfo Suárez Madrid-Barajas,40.49848719017528,-3.5676196599853203,KL1703,91,KLM
,2021-04-23,Amsterdam Airport Schiphol,52.315831708548586,4.771203370264353,AMS,15:40,CDG,01:22,17:00,Aéroport de Paris-Charles de Gaulle,49.0142434999854,2.544806865954252,AF1741,259,Air France
,2021-04-23,Amsterdam Airport Schiphol,52.315831708548586,4.771203370264353,AMS,15:55,CAI,04:50,20:45,Cairo International Airport,30.111387712189778,31.387836926213836,MS758,290,Egyptair
,2021-04-23,Amsterdam Airport Schiphol,52.315831708548586,4.771203370264353,AMS,16:30,LHR,01:35,18:05,Heathrow Airport,51.47397190914563,-0.4547353841720964,KL1021,300,KLM
,2021-04-23,Amsterdam Airport Schiphol,52.315831708548586,4.771203370264353,AMS,16:40,CDG,01:20,18:00,Aéroport de Paris-Charles de Gaulle,52.315831708548586,4.771203370264353,KL1243,269,KLM
,2021-04-23,Amsterdam Airport Schiphol,52.315831708548586,4.771203370264353,AMS,18:30,FRA,01:10,19:40,Flughafen Frankfurt/Main,50.04636632467995,8.561325677686595,KL1771,158,KLM
,2021-04-23,Amsterdam Airport Schiphol,52.315831708548586,4.771203370264353,AMS,18:40,FRA,01:15,19:55,Flughafen Frankfurt/Main,50.04636632467995,8.561325677686595,LH997,170,Lufthansa
,2021-04-23,Amsterdam Airport Schiphol,52.315831708548586,4.771203370264353,AMS,19:00,CDG,01:20,20:20,Aéroport de Paris-Charles de Gaulle,49.0142434999854,2.544806865954252,AF1141,272,Air France
,2021-04-23,Amsterdam Airport Schiphol,52.315831708548586,4.771203370264353,AMS,19:10,MAD,02:33,21:43,Aeropuerto de Adolfo Suárez Madrid-Barajas,40.49848719017528,-3.5676196599853203,UX1094,95,Air Europa
,2021-04-23,Amsterdam Airport Schiphol,52.315831708548586,4.771203370264353,AMS,20:50,LHR,01:30,22:20,Heathrow Airport,51.47397190914563,-0.4547353841720964,KL1033,298,KLM
,2021-04-23,Amsterdam Airport Schiphol,52.315831708548586,4.771203370264353,AMS,22:45,MAD,02:33,23:18,Aeropuerto de Adolfo Suárez Madrid-Barajas,40.49848719017528,-3.5676196599853203,KL1707,93,KLM
,2021-04-23,Amsterdam Airport Schiphol,52.315831708548586,4.771203370264353,AMS,06:15,SVO,03:55,10:10,Aéroport de Moscou-Cheremetievo,55.9741553226849,37.412529654098726,RU574,292,AirBridgeCargo Airlines
,2021-04-23,Heathrow Airport,51.47397190914563,-0.4547353841720964,LHR,06:30,CDG,01:25,07:55,Aéroport de Paris-Charles de Gaulle,49.0142434999854,2.544806865954252,AF1381,90,Air France
,2021-04-23,Heathrow Airport,51.47397190914563,-0.4547353841720964,LHR,08:20,AMS,01:22,09:42,Amsterdam Airport Schiphol,52.315831708548586,4.771203370264353,KL1000,100,KLM
,2021-04-23,Heathrow Airport,51.47397190914563,-0.4547353841720964,LHR,09:30,FRA,01:40,11:10,Flughafen Frankfurt/Main,50.04636632467995,8.561325677686595,BA906,124,British Airways
,2021-04-23,Heathrow Airport,51.47397190914563,-0.4547353841720964,LHR,09:55,FRA,01:45,11:40,Flughafen Frankfurt/Main,50.04636632467995,8.561325677686595,LH901,130,Lufthansa
,2021-04-23,Heathrow Airport,51.47397190914563,-0.4547353841720964,LHR,10:35,AMS,01:20,11:55,Amsterdam Airport Schiphol,52.315831708548586,4.771203370264353,KL1008,104,KLM
,2021-04-23,Heathrow Airport,51.47397190914563,-0.4547353841720964,LHR,11:50,MAD,02:25,14:15,Aeropuerto de Adolfo Suárez Madrid-Barajas,40.49848719017528,-3.5676196599853203,IB3163,92,Iberia
,2021-04-23,Heathrow Airport,51.47397190914563,-0.4547353841720964,LHR,13:25,CDG,01:30,14:55,Aéroport de Paris-Charles de Gaulle,49.0142434999854,2.544806865954252,AF1581,95,Air France
,2021-04-23,Heathrow Airport,51.47397190914563,-0.4547353841720964,LHR,15:00,SVO,04:00,19:00,Aéroport de Moscou-Cheremetievo,55.9741553226849,37.412529654098726,SU2579,272,Aeroflot
,2021-04-23,Heathrow Airport,51.47397190914563,-0.4547353841720964,LHR,17:10,CAI,05:10,22:20,Cairo International Airport,30.111387712189778,31.387836926213836,MS778,406,Egyptair
,2021-04-23,Heathrow Airport,51.47397190914563,-0.4547353841720964,LHR,17:30,AMS,01:20,18:50,Amsterdam Airport Schiphol,52.315831708548586,4.771203370264353,KL1022,108,KLM
,2021-04-23,Heathrow Airport,51.47397190914563,-0.4547353841720964,LHR,17:35,FRA,01:45,19:20,Flughafen Frankfurt/Main,50.04636632467995,8.561325677686595,LH915,132,Lufthansa
,2021-04-23,Heathrow Airport,51.47397190914563,-0.4547353841720964,LHR,18:45,CDG,01:35,20:20,Aéroport de Paris-Charles de Gaulle,49.0142434999854,2.544806865954252,AF1281,99,Air France
,2021-04-23,Heathrow Airport,51.47397190914563,-0.4547353841720964,LHR,07:00,MAD,02:30,09:30,Aeropuerto de Adolfo Suárez Madrid-Barajas,40.49848719017528,-3.5676196599853203,IB3167,100,Iberia
,2021-04-23,Flughafen Frankfurt/Main,50.04636632467995,8.561325677686595,FRA,07:00,AMS,01:05,08:05,Amsterdam Airport Schiphol,52.315831708548586,4.771203370264353,KL1762,202,KLM
,2021-04-23,Flughafen Frankfurt/Main,50.04636632467995,8.561325677686595,FRA,07:00,AMS,01:10,08:10,Amsterdam Airport Schiphol,52.315831708548586,4.771203370264353,CZ7651,140,China Southern Airlines
,2021-04-23,Flughafen Frankfurt/Main,50.04636632467995,8.561325677686595,FRA,07:00,AMS,01:15,08:15,Amsterdam Airport Schiphol,52.315831708548586,4.771203370264353,DL9589,80,Delta Air Lines
,2021-04-23,Flughafen Frankfurt/Main,50.04636632467995,8.561325677686595,FRA,07:05,AMS,01:07,08:12,Amsterdam Airport Schiphol,52.315831708548586,4.771203370264353,GA9083,90,Garuda Indonesia
,2021-04-23,Flughafen Frankfurt/Main,50.04636632467995,8.561325677686595,FRA,08:00,CDG,01:15,09:15,Aéroport de Paris-Charles de Gaulle,49.0142434999854,2.544806865954252,AF1019,110,Air France
,2021-04-23,Flughafen Frankfurt/Main,50.04636632467995,8.561325677686595,FRA,22:00,CDG,01:15,23:15,Aéroport de Paris-Charles de Gaulle,49.0142434999854,2.544806865954252,AF1019,120,Air France
,2021-04-23,Flughafen Frankfurt/Main,50.04636632467995,8.561325677686595,FRA,08:00,LHR,01:35,09:35,Heathrow Airport,51.47397190914563,-0.4547353841720964,LH900,200,Lufthansa
,2021-04-23,Flughafen Frankfurt/Main,50.04636632467995,8.561325677686595,FRA,08:00,CDG,01:30,09:30,Aéroport de Paris-Charles de Gaulle,49.0142434999854,2.544806865954252,LH1026,124,Lufthansa
,2021-04-23,Flughafen Frankfurt/Main,50.04636632467995,8.561325677686595,FRA,09:10,AYT,03:50,13:00,Antalya Airport,36.90591678165104,30.80168679901064,XQ141,180,SunExpress
,2021-04-23,Flughafen Frankfurt/Main,50.04636632467995,8.561325677686595,FRA,11:45,AMS,01:05,12:55,Amsterdam Airport Schiphol,52.315831708548586,4.771203370264353,LH988,150,Lufthansa
,2021-04-23,Flughafen Frankfurt/Main,50.04636632467995,8.561325677686595,FRA,12:30,AMS,01:07,13:37,Amsterdam Airport Schiphol,52.315831708548586,4.771203370264353,KL1766,100,KLM
,2021-04-23,Flughafen Frankfurt/Main,50.04636632467995,8.561325677686595,FRA,13:05,LHR,01:35,14:40,Heathrow Airport,51.47397190914563,-0.4547353841720964,BA907,150,British Airways
,2021-04-23,Flughafen Frankfurt/Main,50.04636632467995,8.561325677686595,FRA,13:30,MAD,02:30,16:00,Aeropuerto de Adolfo Suárez Madrid-Barajas,40.49848719017528,-3.5676196599853203,LH1114,60,Lufthansa
,2021-04-23,Flughafen Frankfurt/Main,50.04636632467995,8.561325677686595,FRA,14:05,CAI,04:45,18:50,Cairo International Airport,50.04636632467995,8.561325677686595,LH580,350,Lufthansa
,2021-04-23,Flughafen Frankfurt/Main,50.04636632467995,8.561325677686595,FRA,15:25,SVO,03:29,18:54,Aéroport de Moscou-Cheremetievo,55.9741553226849,37.412529654098726,SU2301,250,Aeroflot
,2021-04-23,Flughafen Frankfurt/Main,50.04636632467995,8.561325677686595,FRA,16:00,CAI,04:50,20:50,Cairo International Airport,30.111387712189778,31.387836926213836,MS786,340,Egyptair
,2021-04-23,Flughafen Frankfurt/Main,50.04636632467995,8.561325677686595,FRA,16:10,LHR,01:35,17:45,Heathrow Airport,51.47397190914563,-0.4547353841720964,LH914,140,Lufthansa
,2021-04-23,Flughafen Frankfurt/Main,50.04636632467995,8.561325677686595,FRA,19:10,AMS,01:05,20:15,Amsterdam Airport Schiphol,52.315831708548586,4.771203370264353,LH996,162,Lufthansa
,2021-04-23,Flughafen Frankfurt/Main,50.04636632467995,8.561325677686595,FRA,20:10,MAD,02:40,22:50,Aeropuerto de Adolfo Suárez Madrid-Barajas,40.49848719017528,-3.5676196599853203,UX1506,70,Air Europa
,2021-04-23,Flughafen Frankfurt/Main,50.04636632467995,8.561325677686595,FRA,20:30,MAD,02:45,23:15,Aeropuerto de Adolfo Suárez Madrid-Barajas,40.49848719017528,-3.5676196599853203,IB3131,69,Iberia
,2021-04-23,Flughafen Frankfurt/Main,50.04636632467995,8.561325677686595,FRA,20:30,MAD,02:35,23:05,Aeropuerto de Adolfo Suárez Madrid-Barajas,40.49848719017528,-3.5676196599853203,BA9042,65,British Airways
,2021-04-23,Flughafen Frankfurt/Main,50.04636632467995,8.561325677686595,FRA,21:00,MAD,02:40,23:40,Aeropuerto de Adolfo Suárez Madrid-Barajas,40.49848719017528,-3.5676196599853203,IB9042,72,Iberia
,2021-04-23,Flughafen Frankfurt/Main,50.04636632467995,8.561325677686595,FRA,21:00,AMS,01:05,22:05,Amsterdam Airport Schiphol,52.315831708548586,4.771203370264353,LH1002,149,Lufthansa
,2021-04-23,Flughafen Frankfurt/Main,50.04636632467995,8.561325677686595,FRA,06:00,CDG,01:15,07:15,Aéroport de Paris-Charles de Gaulle,49.0142434999854,2.544806865954252,LH1052,129,Lufthansa
,2021-04-23,Aeropuerto de Adolfo Suárez Madrid-Barajas,40.49848719017528,-3.5676196599853203,MAD,06:00,CDG,02:10,08:10,Aéroport de Paris-Charles de Gaulle,49.0142434999854,2.544806865954252,AF1401,72,Air France
,2021-04-23,Aeropuerto de Adolfo Suárez Madrid-Barajas,40.49848719017528,-3.5676196599853203,MAD,07:35,AMS,02:35,10:10,Amsterdam Airport Schiphol,52.315831708548586,4.771203370264353,KL1698,60,KLM
,2021-04-23,Aeropuerto de Adolfo Suárez Madrid-Barajas,40.49848719017528,-3.5676196599853203,MAD,08:30,LHR,02:20,10:50,Heathrow Airport,51.47397190914563,-0.4547353841720964,IB3170,80,Iberia
,2021-04-23,Aeropuerto de Adolfo Suárez Madrid-Barajas,40.49848719017528,-3.5676196599853203,MAD,11:05,FRA,02:45,13:50,Flughafen Frankfurt/Main,50.04636632467995,8.561325677686595,LH1123,50,Lufthansa
,2021-04-23,Aeropuerto de Adolfo Suárez Madrid-Barajas,40.49848719017528,-3.5676196599853203,MAD,12:20,FRA,02:35,14:55,Flughafen Frankfurt/Main,50.04636632467995,8.561325677686595,LH511,30,Lufthansa
,2021-04-23,Aeropuerto de Adolfo Suárez Madrid-Barajas,40.49848719017528,-3.5676196599853203,MAD,12:50,CDG,02:10,15:00,Aéroport de Paris-Charles de Gaulle,49.0142434999854,2.544806865954252,AF1301,80,Air France
,2021-04-23,Aeropuerto de Adolfo Suárez Madrid-Barajas,40.49848719017528,-3.5676196599853203,MAD,15:00,AMS,02:35,17:35,Amsterdam Airport Schiphol,52.315831708548586,4.771203370264353,KL1702,62,KLM
,2021-04-23,Aeropuerto de Adolfo Suárez Madrid-Barajas,40.49848719017528,-3.5676196599853203,MAD,15:10,AMS,02:30,17:40,Amsterdam Airport Schiphol,52.315831708548586,4.771203370264353,UX1093,59,Air Europa
,2021-04-23,Aeropuerto de Adolfo Suárez Madrid-Barajas,40.49848719017528,-3.5676196599853203,MAD,15:45,FRA,02:45,18:30,Flughafen Frankfurt/Main,50.04636632467995,8.561325677686595,UX1509,37,Air Europa
,2021-04-23,Aeropuerto de Adolfo Suárez Madrid-Barajas,40.49848719017528,-3.5676196599853203,MAD,16:15,LHR,02:20,18:35,Heathrow Airport,51.47397190914563,-0.4547353841720964,IB3166,79,Iberia
,2021-04-23,Aeropuerto de Adolfo Suárez Madrid-Barajas,40.49848719017528,-3.5676196599853203,MAD,16:20,FRA,02:38,18:58,Flughafen Frankfurt/Main,50.04636632467995,8.561325677686595,IB3130,49,Iberia
,2021-04-23,Aeropuerto de Adolfo Suárez Madrid-Barajas,40.49848719017528,-3.5676196599853203,MAD,16:20,FRA,02:40,19:00,Flughafen Frankfurt/Main,50.04636632467995,8.561325677686595,BA9045,31,British Airways
,2021-04-23,Aeropuerto de Adolfo Suárez Madrid-Barajas,40.49848719017528,-3.5676196599853203,MAD,16:55,FRA,02:50,19:45,Flughafen Frankfurt/Main,50.04636632467995,8.561325677686595,IB9045,38,Iberia
,2021-04-23,Aeropuerto de Adolfo Suárez Madrid-Barajas,40.49848719017528,-3.5676196599853203,MAD,17:10,FRA,02:45,19:55,Flughafen Frankfurt/Main,50.04636632467995,8.561325677686595,LH1115,52,Lufthansa
,2021-04-23,Aeropuerto de Adolfo Suárez Madrid-Barajas,40.49848719017528,-3.5676196599853203,MAD,17:50,AMS,02:35,20:25,Amsterdam Airport Schiphol,52.315831708548586,4.771203370264353,KL1704,60,KLM
,2021-04-23,Aeropuerto de Adolfo Suárez Madrid-Barajas,40.49848719017528,-3.5676196599853203,MAD,00:55,SVO,02:25,03:20,Aéroport de Moscou-Cheremetievo,55.9741553226849,37.412529654098726,RU460,300,AirBridgeCargo Airlines
,2021-04-23,Cairo International Airport,30.111387712189778,31.387836926213836,CAI,00:55,FRA,04:46,05:41,Flughafen Frankfurt/Main,50.04636632467995,8.561325677686595,LH581,250,Lufthansa
,2021-04-23,Cairo International Airport,30.111387712189778,31.387836926213836,CAI,00:55,FRA,04:40,05:35,Flughafen Frankfurt/Main,50.04636632467995,8.561325677686595,AC9599,190,Air Canada
,2021-04-23,Cairo International Airport,30.111387712189778,31.387836926213836,CAI,00:55,FRA,04:42,05:37,Flughafen Frankfurt/Main,50.04636632467995,8.561325677686595,MS9001,198,Egyptair
,2021-04-23,Cairo International Airport,30.111387712189778,31.387836926213836,CAI,01:40,FRA,04:45,06:25,Flughafen Frankfurt/Main,50.04636632467995,8.561325677686595,UA9025,200,United Airlines
,2021-04-23,Cairo International Airport,30.111387712189778,31.387836926213836,CAI,01:55,SVO,04:30,06:25,Aéroport de Moscou-Cheremetievo,55.9741553226849,37.412529654098726,SU401,300,Aeroflot
,2021-04-23,Cairo International Airport,30.111387712189778,31.387836926213836,CAI,08:00,CDG,04:45,12:45,Aéroport de Paris-Charles de Gaulle,49.0142434999854,2.544806865954252,AF551,175,Air France
,2021-04-23,Cairo International Airport,30.111387712189778,31.387836926213836,CAI,09:40,LHR,04:40,14:10,Heathrow Airport,51.47397190914563,-0.4547353841720964,BA401,207,British Airways
,2021-04-23,Cairo International Airport,30.111387712189778,31.387836926213836,CAI,09:50,CDG,04:20,14:35,Aéroport de Paris-Charles de Gaulle,49.0142434999854,2.544806865954252,MS799,179,Egyptair
,2021-04-23,Cairo International Airport,30.111387712189778,31.387836926213836,CAI,09:55,AMS,04:25,14:45,Amsterdam Airport Schiphol,52.315831708548586,4.771203370264353,MS757,200,Egyptair
,2021-04-23,Cairo International Airport,30.111387712189778,31.387836926213836,CAI,09:55,FRA,04:15,14:10,Flughafen Frankfurt/Main,50.04636632467995,8.561325677686595,MS785,210,Egyptair
,2021-04-23,Cairo International Airport,30.111387712189778,31.387836926213836,CAI,09:55,FRA,04:10,14:25,Flughafen Frankfurt/Main,50.04636632467995,8.561325677686595,UA7719,207,United Airlines
,2021-04-23,Aéroport de Paris-Charles de Gaulle,49.0142434999854,2.544806865954252,CDG,09:15,TUN,02:30,11:45,Aéroport international de Tunis-Carthage,36.8511111,10.2272222,KL2176,260,KLM
,2021-04-23,Aéroport de Paris-Charles de Gaulle,49.0142434999854,2.544806865954252,CDG,09:15,TUN,02:33,11:48,Aéroport international de Tunis-Carthage,36.8511111,10.2272222,KQ3730,261,Kenya Airways
,2021-04-23,Aéroport de Paris-Charles de Gaulle,49.0142434999854,2.544806865954252,CDG,09:15,TUN,02:35,11:50,Aéroport international de Tunis-Carthage,36.8511111,10.2272222,DL8598,259,Delta Air Lines
,2021-04-23,Aéroport de Paris-Charles de Gaulle,49.0142434999854,2.544806865954252,CDG,09:15,TUN,02:33,11:45,Aéroport international de Tunis-Carthage,36.8511111,10.2272222,AF1284,290,Air France
,2021-04-23,Aéroport de Paris-Charles de Gaulle,49.0142434999854,2.544806865954252,CDG,16:20,TUN,02:45,19:05,Aéroport international de Tunis-Carthage,36.8511111,10.2272222,KL2174,270,KLM
,2021-04-23,Aéroport de Paris-Charles de Gaulle,49.0142434999854,2.544806865954252,CDG,14:00,TUN,02:30,16:30,Aéroport international de Tunis-Carthage,36.8511111,10.2272222,AH1011,289,Air Algerie
,2021-04-23,Aéroport de Paris-Charles de Gaulle,49.0142434999854,2.544806865954252,CDG,11:30,TUN,02:35,14:05,Aéroport international de Tunis-Carthage,36.8511111,10.2272222,BJ511,259,Nouvelair
,2021-04-23,Aéroport de Paris-Charles de Gaulle,49.0142434999854,2.544806865954252,CDG,06:00,TUN,02:30,08:30,Aéroport international de Tunis-Carthage,36.8511111,10.2272222,7A111,260,Express Air Cargo
,2021-04-23,Aéroport de Paris-Charles de Gaulle,49.0142434999854,2.544806865954252,CDG,16:20,TUN,02:35,18:55,Aéroport international de Tunis-Carthage,36.8511111,10.2272222,AF1184,272,Air France
,2021-04-23,Aéroport de Paris-Charles de Gaulle,49.0142434999854,2.544806865954252,CDG,15:10,TUN,02:30,17:40,Aéroport international de Tunis-Carthage,36.8511111,10.2272222,BJ743,280,Nouvelair
,2021-04-23,Aéroport de Paris-Charles de Gaulle,49.0142434999854,2.544806865954252,CDG,14:55,TUN,02:30,17:25,Aéroport international de Tunis-Carthage,36.8511111,10.2272222,BJ783,300,Nouvelair
,2021-04-23,Aéroport de Paris-Charles de Gaulle,49.0142434999854,2.544806865954252,CDG,16:20,ALG,02:25,18:45,Aéroport d'Alger - Houari-Boumédiène,36.8511111,3.5169444,AF1184,480,Air France
,2021-04-23,Aéroport de Paris-Charles de Gaulle,49.0142434999854,2.544806865954252,CDG,13:50,ALG,02:20,16:10,Aéroport d'Alger - Houari-Boumédiène,36.6944444,3.5169444,AF1384,479,Air France
,2021-04-23,Aéroport de Paris-Charles de Gaulle,49.0142434999854,2.544806865954252,CDG,06:00,ALG,02:20,08:20,Aéroport d'Alger - Houari-Boumédiène,36.6944444,3.5169444,5O1051,485,Asl Airlines France
,2021-04-23,Aéroport de Paris-Charles de Gaulle,49.0142434999854,2.544806865954252,CDG,11:00,ALG,02:20,13:20,Aéroport d'Alger - Houari-Boumédiène,36.6944444,3.5169444,AH1209,481,Air Algerie
,2021-04-23,Aéroport de Paris-Charles de Gaulle,49.0142434999854,2.544806865954252,CDG,14:30,ALG,02:25,16:55,Aéroport d'Alger - Houari-Boumédiène,36.6944444,3.5169444,5O1069,478,Asl Airlines France
,2021-04-23,Aéroport de Paris-Charles de Gaulle,49.0142434999854,2.544806865954252,CDG,15:00,ALG,02:20,17:20,Aéroport d'Alger - Houari-Boumédiène,36.6944444,3.5169444,5O1037,489,Asl Airlines France
,2021-04-23,Aéroport de Paris-Charles de Gaulle,49.0142434999854,2.544806865954252,CDG,11:10,RAK,03:15,14:25,Aéroport de Marrakech-Ménara,31.6150000,-8.0380556,U23869,88,EasyJet
,2021-04-23,Aéroport de Paris-Charles de Gaulle,49.0142434999854,2.544806865954252,CDG,14:25,RAK,03:30,17:55,Aéroport de Marrakech-Ménara,31.6150000,-8.0380556,AF1076,130,Air France
,2021-04-23,Aéroport de Paris-Charles de Gaulle,49.0142434999854,2.544806865954252,CDG,15:55,RAK,03:20,19:15,Aéroport de Marrakech-Ménara,31.6150000,-8.0380556,U23869,68,EasyJet
,2021-04-23,Aéroport de Paris-Charles de Gaulle,49.0142434999854,2.544806865954252,CDG,06:55,FCO,02:05,09:00,Aéroport Léonard-de-Vinci de Rome Fiumicino,41.8075,12.2508333,AF1204,133,Air France
,2021-04-23,Aéroport de Paris-Charles de Gaulle,49.0142434999854,2.544806865954252,CDG,09:15,FCO,02:00,11:15,Aéroport Léonard-de-Vinci de Rome Fiumicino,41.8075,12.2508333,AF1104,160,Air France
,2021-04-23,Aéroport de Paris-Charles de Gaulle,49.0142434999854,2.544806865954252,CDG,12:05,FCO,02:10,14:15,Aéroport Léonard-de-Vinci de Rome Fiumicino,41.8075,12.2508333,AZ333,71,Alitalia
,2021-04-23,Aéroport de Paris-Charles de Gaulle,49.0142434999854,2.544806865954252,CDG,16:55,FCO,02:00,18:55,Aéroport Léonard-de-Vinci de Rome Fiumicino,41.8075,12.2508333,AF1404,160,Air France
,2021-04-23,Aéroport de Paris-Charles de Gaulle,49.0142434999854,2.544806865954252,CDG,18:25,FCO,02:05,20:30,Aéroport Léonard-de-Vinci de Rome Fiumicino,41.8075,12.2508333,AZ325,71,Alitalia
,2021-04-23,Aéroport de Paris-Charles de Gaulle,49.0142434999854,2.544806865954252,CDG,19:50,FCO,02:10,22:00,Aéroport Léonard-de-Vinci de Rome Fiumicino,41.8075,12.2508333,AF1004,110,Air France
,2021-04-23,Aéroport de Paris-Charles de Gaulle,49.0142434999854,2.544806865954252,CDG,11:20,IST,03:25,14:45,Aéroport d'Istanbul,41.2825,28.7713889,TK1822,170,Turkish Airlines
,2021-04-23,Aéroport de Paris-Charles de Gaulle,49.0142434999854,2.544806865954252,CDG,19:25,IST,03:30,22:55,Aéroport d'Istanbul,41.2825,28.7713889,TK1828,170,Turkish Airlines
,2021-04-23,Aéroport de Paris-Charles de Gaulle,49.0142434999854,2.544806865954252,CDG,10:35,DUB,01:45,12:20,Aéroport international de Dublin,53.42667822097449,-6.249931259936072,EI521,84,Aer Lingus
,2021-04-23,Aéroport de Paris-Charles de Gaulle,49.0142434999854,2.544806865954252,CDG,12:20,DUB,01:50,14:10,Aéroport international de Dublin,53.42667822097449,-6.249931259936072,AF1816,180,Air France
,2021-04-23,Aéroport de Paris-Charles de Gaulle,49.0142434999854,2.544806865954252,CDG,09:20,VIE,01:55,11:15,Aéroport de Vienne-Schwechat,48.1116667,16.5697222,AF1138,151,Air France
,2021-04-23,Aéroport de Paris-Charles de Gaulle,49.0142434999854,2.544806865954252,CDG,10:00,VIE,01:50,11:50,Aéroport de Vienne-Schwechat,48.1116667,16.5697222,OS412,63,Austrian Airlines
,2021-04-23,Aéroport de Paris-Charles de Gaulle,49.0142434999854,2.544806865954252,CDG,20:15,VIE,01:50,22:05,Aéroport de Vienne-Schwechat,48.1116667,16.5697222,OS418,53,Austrian Airlines
,2021-04-23,Aéroport de Paris-Charles de Gaulle,49.0142434999854,2.544806865954252,CDG,09:40,LIS,02:40,12:20,Aéroport Humberto Delgado de Lisbonne,38.7772222,-9.1350000,AF1024,253,Air France
,2021-04-23,Aéroport de Paris-Charles de Gaulle,49.0142434999854,2.544806865954252,CDG,13:10,LIS,02:44,15:54,Aéroport Humberto Delgado de Lisbonne,38.7772222,-9.1350000,AF1624,204,Air France
,2021-04-23,Aéroport de Paris-Charles de Gaulle,49.0142434999854,2.544806865954252,CDG,16:31,LIS,02:50,19:19,Aéroport Humberto Delgado de Lisbonne,38.7772222,-9.1350000,AF1194,244,Air France
,2021-04-23,Aéroport de Paris-Charles de Gaulle,49.0142434999854,2.544806865954252,CDG,20:45,LIS,02:40,23:25,Aéroport Humberto Delgado de Lisbonne,38.7772222,-9.1350000,AF1124,244,Air France
,2021-04-23,Antalya Airport,36.90591678165104,30.80168679901064,AYT,02:30,IST,01:20,03:50,Aéroport d'Istanbul,41.2825,28.7713889,TK2403,30,Turkish Airlines
,2021-04-23,Antalya Airport,36.90591678165104,30.80168679901064,AYT,05:15,IST,01:25,06:40,Aéroport d'Istanbul,41.2825,28.7713889,TK2405,33,Turkish Airlines
,2021-04-23,Antalya Airport,36.90591678165104,30.80168679901064,AYT,06:05,IST,01:30,07:35,Aéroport d'Istanbul,41.2825,28.7713889,TK2435,40,Turkish Airlines
,2021-04-23,Antalya Airport,36.90591678165104,30.80168679901064,AYT,07:45,IST,01:15,09:00,Aéroport d'Istanbul,41.2825,28.7713889,TK2409,45,Turkish Airlines
,2021-04-23,Antalya Airport,36.90591678165104,30.80168679901064,AYT,10:20,IST,01:20,11:40,Aéroport d'Istanbul,41.2825,28.7713889,TK2411,40,Turkish Airlines
,2021-04-23,Antalya Airport,36.90591678165104,30.80168679901064,AYT,11:55,IST,01:25,13:20,Aéroport d'Istanbul,41.2825,28.7713889,TK2413,38,Turkish Airlines
,2021-04-23,Antalya Airport,36.90591678165104,30.80168679901064,AYT,13:30,IST,01:30,15:00,Aéroport d'Istanbul,41.2825,28.7713889,TK2441,38,Turkish Airlines
,2021-04-23,Antalya Airport,36.90591678165104,30.80168679901064,AYT,15:25,IST,01:15,16:40,Aéroport d'Istanbul,41.2825,28.7713889,TK2417,36,Turkish Airlines
,2021-04-23,Antalya Airport,36.90591678165104,30.80168679901064,AYT,17:35,IST,01:20,18:55,Aéroport d'Istanbul,41.2825,28.7713889,TK2421,33,Turkish Airlines
,2021-04-23,Antalya Airport,36.90591678165104,30.80168679901064,AYT,18:40,IST,01:25,20:05,Aéroport d'Istanbul,41.2825,28.7713889,TK2419,32,Turkish Airlines
,2021-04-23,Antalya Airport,36.90591678165104,30.80168679901064,AYT,20:20,IST,01:30,21:50,Aéroport d'Istanbul,41.2825,28.7713889,TK2439,30,Turkish Airlines
,2021-04-23,Antalya Airport,36.90591678165104,30.80168679901064,AYT,11:05,VIE,04:50,15:55,Aéroport de Vienne-Schwechat,48.1116667,16.5697222,XQ190,115,SunExpress
,2021-04-23,Aéroport de Moscou-Cheremetievo,55.9741553226849,37.412529654098726,SVO,16:30,LIS,05:50,22:20,Aéroport Humberto Delgado de Lisbonne,38.7772222,-9.1350000,SU2606,150,Aeroflot
,2021-04-23,Aéroport de Moscou-Cheremetievo,55.9741553226849,37.412529654098726,SVO,08:05,VIE,02:55,11:00,Aéroport de Vienne-Schwechat,48.1116667,16.5697222,SU2184,105,Aeroflot
,2021-04-23,Aéroport de Moscou-Cheremetievo,55.9741553226849,37.412529654098726,SVO,08:05,VIE,02:50,10:55,Aéroport de Vienne-Schwechat,48.1116667,16.5697222,SU2356,80,Aeroflot
,2021-04-23,Aéroport de Moscou-Cheremetievo,55.9741553226849,37.412529654098726,SVO,12:45,VIE,03:00,15:45,Aéroport de Vienne-Schwechat,48.1116667,16.5697222,KE537,1056,Korean Air
,2021-04-23,Aéroport de Moscou-Cheremetievo,55.9741553226849,37.412529654098726,SVO,18:35,DUB,04:30,23:05,Aéroport international de Dublin,53.42667822097449,-6.249931259936072,SU2590,80,Aeroflot
,2021-04-23,Aéroport de Moscou-Cheremetievo,55.9741553226849,37.412529654098726,SVO,07:35,FCO,03:55,11:30,Aéroport Léonard-de-Vinci de Rome Fiumicino,41.8075,12.2508333,SU2402,130,Aeroflot
,2021-04-23,Aéroport de Moscou-Cheremetievo,55.9741553226849,37.412529654098726,SVO,13:30,FCO,03:50,17:20,Aéroport Léonard-de-Vinci de Rome Fiumicino,41.8075,12.2508333,SU2408,116,Aeroflot
,2021-04-23,Aéroport de Moscou-Cheremetievo,55.9741553226849,37.412529654098726,SVO,07:40,IST,06:50,14:30,Aéroport d'Istanbul,41.2825,28.7713889,N4703,105,Nordwind Airlines
,2021-04-23,Aéroport de Moscou-Cheremetievo,55.9741553226849,37.412529654098726,SVO,09:00,IST,07:00,16:00,Aéroport d'Istanbul,41.2825,28.7713889,SU2136,90,Aeroflot
,2021-04-23,Aeropuerto de Adolfo Suárez Madrid-Barajas,40.49848719017528,-3.5676196599853203,MAD,11:00,RAK,02:05,13:05,Aéroport de Marrakech-Ménara,31.6150000,-8.0380556,IB8816,117,Iberia
,2021-04-23,Aeropuerto de Adolfo Suárez Madrid-Barajas,40.49848719017528,-3.5676196599853203,MAD,12:20,RAK,02:10,14:30,Aéroport de Marrakech-Ménara,31.6150000,-8.0380556,AT685,320,Royal Air Maroc
,2021-04-23,Aeropuerto de Adolfo Suárez Madrid-Barajas,40.49848719017528,-3.5676196599853203,MAD,18:50,RAK,02:15,21:05,Aéroport de Marrakech-Ménara,31.6150000,-8.0380556,FR7752,55,Ryanair
,2021-04-23,Aeropuerto de Adolfo Suárez Madrid-Barajas,40.49848719017528,-3.5676196599853203,MAD,12:00,IST,04:15,16:15,Aéroport d'Istanbul,41.2825,28.7713889,TK1858,191,Turkish Airlines
,2021-04-23,Aeropuerto de Adolfo Suárez Madrid-Barajas,40.49848719017528,-3.5676196599853203,MAD,18:10,IST,04:30,22:40,Aéroport d'Istanbul,41.2825,28.7713889,TK1860,187,Turkish Airlines
,2021-04-23,Aeropuerto de Adolfo Suárez Madrid-Barajas,40.49848719017528,-3.5676196599853203,MAD,07:05,FCO,02:35,09:40,Aéroport Léonard-de-Vinci de Rome Fiumicino,41.8075,12.2508333,UX1043,36,Air Europa
,2021-04-23,Aeropuerto de Adolfo Suárez Madrid-Barajas,40.49848719017528,-3.5676196599853203,MAD,08:10,FCO,02:30,10:40,Aéroport Léonard-de-Vinci de Rome Fiumicino,41.8075,12.2508333,IB3230,154,Iberia
,2021-04-23,Aeropuerto de Adolfo Suárez Madrid-Barajas,40.49848719017528,-3.5676196599853203,MAD,12:10,FCO,02:40,14:50,Aéroport Léonard-de-Vinci de Rome Fiumicino,41.8075,12.2508333,AZ61,33,Alitalia
,2021-04-23,Aeropuerto de Adolfo Suárez Madrid-Barajas,40.49848719017528,-3.5676196599853203,MAD,15:00,FCO,02:50,17:50,Aéroport Léonard-de-Vinci de Rome Fiumicino,41.8075,12.2508333,UX1047,36,Air Europa
,2021-04-23,Aeropuerto de Adolfo Suárez Madrid-Barajas,40.49848719017528,-3.5676196599853203,MAD,16:25,FCO,02:35,19:00,Aéroport Léonard-de-Vinci de Rome Fiumicino,41.8075,12.2508333,IB3236,45,Iberia
,2021-04-23,Aeropuerto de Adolfo Suárez Madrid-Barajas,40.49848719017528,-3.5676196599853203,MAD,19:45,FCO,02:30,22:15,Aéroport Léonard-de-Vinci de Rome Fiumicino,41.8075,12.2508333,IB3238,45,Iberia
,2021-04-23,Aeropuerto de Adolfo Suárez Madrid-Barajas,40.49848719017528,-3.5676196599853203,MAD,20:50,DUB,02:25,23:15,Aéroport international de Dublin,53.42667822097449,-6.249931259936072,FR7157,70,Ryanair
,2021-04-23,Aeropuerto de Adolfo Suárez Madrid-Barajas,40.49848719017528,-3.5676196599853203,MAD,11:00,DUB,02:30,13:30,Aéroport international de Dublin,53.42667822097449,-6.249931259936072,FR7257,93,Ryanair
,2021-04-23,Aeropuerto de Adolfo Suárez Madrid-Barajas,40.49848719017528,-3.5676196599853203,MAD,16:40,DUB,02:20,19:00,Aéroport international de Dublin,53.42667822097449,-6.249931259936072,IB3790,238,Iberia
,2021-04-23,Aeropuerto de Adolfo Suárez Madrid-Barajas,40.49848719017528,-3.5676196599853203,MAD,16:00,VIE,02:55,18:55,Aéroport de Vienne-Schwechat,48.1116667,16.5697222,IB3122,43,Iberia
,2021-04-23,Aeropuerto de Adolfo Suárez Madrid-Barajas,40.49848719017528,-3.5676196599853203,MAD,07:35,VIE,03:00,10:35,Aéroport de Vienne-Schwechat,48.1116667,16.5697222,IB3120,43,Iberia
,2021-04-23,Aeropuerto de Adolfo Suárez Madrid-Barajas,40.49848719017528,-3.5676196599853203,MAD,07:35,VIE,02:50,10:25,Aéroport de Vienne-Schwechat,48.1116667,16.5697222,FR2966,32,Ryanair
,2021-04-23,Aeropuerto de Adolfo Suárez Madrid-Barajas,40.49848719017528,-3.5676196599853203,MAD,07:40,VIE,02:55,10:35,Aéroport de Vienne-Schwechat,48.1116667,16.5697222,W62846,41,Wizz Air
,2021-04-23,Aeropuerto de Adolfo Suárez Madrid-Barajas,40.49848719017528,-3.5676196599853203,MAD,06:45,LIS,01:15,08:00,Aéroport Humberto Delgado de Lisbonne,38.7772222,-9.1350000,UX1159,30,Air Europa
,2021-04-23,Aeropuerto de Adolfo Suárez Madrid-Barajas,40.49848719017528,-3.5676196599853203,MAD,07:25,LIS,01:20,08:45,Aéroport Humberto Delgado de Lisbonne,38.7772222,-9.1350000,IB3108,40,Iberia
,2021-04-23,Aeropuerto de Adolfo Suárez Madrid-Barajas,40.49848719017528,-3.5676196599853203,MAD,11:05,LIS,01:30,12:35,Aéroport Humberto Delgado de Lisbonne,38.7772222,-9.1350000,TP1019,25,Tap Air Portugal
,2021-04-23,Aeropuerto de Adolfo Suárez Madrid-Barajas,40.49848719017528,-3.5676196599853203,MAD,15:00,LIS,01:20,16:20,Aéroport Humberto Delgado de Lisbonne,38.7772222,-9.1350000,UX1155,30,Air Europa
,2021-04-23,Aeropuerto de Adolfo Suárez Madrid-Barajas,40.49848719017528,-3.5676196599853203,MAD,15:25,LIS,01:15,16:40,Aéroport Humberto Delgado de Lisbonne,38.7772222,-9.1350000,TP1015,25,Tap Air Portugal
,2021-04-23,Aeropuerto de Adolfo Suárez Madrid-Barajas,40.49848719017528,-3.5676196599853203,MAD,15:50,LIS,01:20,17:10,Aéroport Humberto Delgado de Lisbonne,38.7772222,-9.1350000,IB8774,40,Iberia
,2021-04-23,Aeropuerto de Adolfo Suárez Madrid-Barajas,40.49848719017528,-3.5676196599853203,MAD,17:55,LIS,01:30,19:25,Aéroport Humberto Delgado de Lisbonne,38.7772222,-9.1350000,TP1021,25,TAP Express
,2021-04-23,Aeropuerto de Adolfo Suárez Madrid-Barajas,40.49848719017528,-3.5676196599853203,MAD,19:40,LIS,01:20,21:00,Aéroport Humberto Delgado de Lisbonne,38.7772222,-9.1350000,IB8854,40,Iberia
,2021-04-23,Aeropuerto de Adolfo Suárez Madrid-Barajas,40.49848719017528,-3.5676196599853203,MAD,22:10,LIS,01:15,23:25,Aéroport Humberto Delgado de Lisbonne,38.7772222,-9.1350000,TP1029,25,TAP Express
,2021-04-23,Cairo International Airport,30.111387712189778,31.387836926213836,CAI,02:45,IST,02:25,05:15,Aéroport d'Istanbul,41.2825,28.7713889,TK693,205,Turkish Airlines
,2021-04-23,Cairo International Airport,30.111387712189778,31.387836926213836,CAI,08:55,IST,02:30,11:25,Aéroport d'Istanbul,41.2825,28.7713889,TK691,205,Turkish Airlines
,2021-04-23,Cairo International Airport,30.111387712189778,31.387836926213836,CAI,09:45,IST,02:25,11:10,Aéroport d'Istanbul,41.2825,28.7713889,MS737,337,Egyptair
,2021-04-23,Cairo International Airport,30.111387712189778,31.387836926213836,CAI,14:20,IST,02:15,16:35,Aéroport d'Istanbul,41.2825,28.7713889,MS735,165,Egyptair
,2021-04-23,Cairo International Airport,30.111387712189778,31.387836926213836,CAI,20:30,IST,02:20,22:50,Aéroport d'Istanbul,41.2825,28.7713889,TK695,205,Turkish Airlines
,2021-04-23,Cairo International Airport,30.111387712189778,31.387836926213836,CAI,21:15,IST,02:25,23:40,Aéroport d'Istanbul,41.2825,28.7713889,MS542,337,Egyptair
,2021-04-23,Cairo International Airport,30.111387712189778,31.387836926213836,CAI,03:45,IST,02:30,06:15,Aéroport d'Istanbul,41.2825,28.7713889,AZ895,250,Alitalia
,2021-04-23,Cairo International Airport,30.111387712189778,31.387836926213836,CAI,09:40,IST,02:25,12:05,Aéroport d'Istanbul,41.2825,28.7713889,MS791,165,Egyptair
,2021-04-23,Cairo International Airport,30.111387712189778,31.387836926213836,CAI,11:00,VIE,04:35,15:35,Aéroport de Vienne-Schwechat,48.1116667,16.5697222,MS797,257,Egyptair
,2021-04-23,Cairo International Airport,30.111387712189778,31.387836926213836,CAI,02:20,VIE,04:40,07:00,Aéroport de Vienne-Schwechat,48.1116667,16.5697222,OS866,277,Austrian Airlines
,2021-04-23,Cairo International Airport,30.111387712189778,31.387836926213836,CAI,12:50,TUN,02:55,15:45,Aéroport international de Tunis-Carthage,36.8511111,10.2272222,MS844,174,Egyptair
,2021-04-23,Cairo International Airport,30.111387712189778,31.387836926213836,CAI,15:00,TUN,02:55,17:55,Aéroport international de Tunis-Carthage,36.8511111,10.2272222,MS844,173,Egyptair
,2021-04-23,Flughafen Frankfurt/Main,50.04636632467995,8.561325677686595,FRA,09:20,TUN,02:20,11:40,Aéroport international de Tunis-Carthage,36.8511111,10.2272222,LH1322,179,Lufthansa
,2021-04-23,Flughafen Frankfurt/Main,50.04636632467995,8.561325677686595,FRA,21:45,TUN,02:25,23:10,Aéroport international de Tunis-Carthage,36.8511111,10.2272222,LH1326,215,Lufthansa
,2021-04-23,Flughafen Frankfurt/Main,50.04636632467995,8.561325677686595,FRA,12:30,TUN,02:20,14:50,Aéroport international de Tunis-Carthage,36.8511111,10.2272222,TU745,340,Tunisair
,2021-04-23,Flughafen Frankfurt/Main,50.04636632467995,8.561325677686595,FRA,10:00,ALG,01:50,11:50,Aéroport d'Alger - Houari-Boumédiène,36.8511111,3.5169444,LH1316,399,Lufthansa
,2021-04-23,Flughafen Frankfurt/Main,50.04636632467995,8.561325677686595,FRA,15:45,ALG,02:00,17:45,Aéroport d'Alger - Houari-Boumédiène,36.8511111,3.5169444,AH2071,420,Air Algerie
,2021-04-23,Flughafen Frankfurt/Main,50.04636632467995,8.561325677686595,FRA,11:40,IST,03:00,14:40,Aéroport d'Istanbul,41.2825,28.7713889,TK1588,109,Turkish Airlines
,2021-04-23,Flughafen Frankfurt/Main,50.04636632467995,8.561325677686595,FRA,12:40,IST,03:20,16:00,Aéroport d'Istanbul,41.2825,28.7713889,LH1300,211,Lufthansa
,2021-04-23,Flughafen Frankfurt/Main,50.04636632467995,8.561325677686595,FRA,15:15,IST,03:10,18:25,Aéroport d'Istanbul,41.2825,28.7713889,TK1592,109,Turkish Airlines
,2021-04-23,Flughafen Frankfurt/Main,50.04636632467995,8.561325677686595,FRA,18:50,IST,03:12,22:02,Aéroport d'Istanbul,41.2825,28.7713889,TK1594,109,Turkish Airlines
,2021-04-23,Flughafen Frankfurt/Main,50.04636632467995,8.561325677686595,FRA,11:00,FCO,01:20,12:20,Aéroport Léonard-de-Vinci de Rome Fiumicino,41.8075,12.2508333,LH232,74,Lufthansa
,2021-04-23,Flughafen Frankfurt/Main,50.04636632467995,8.561325677686595,FRA,12:00,FCO,01:30,13:30,Aéroport Léonard-de-Vinci de Rome Fiumicino,41.8075,12.2508333,EN9990,72,Air Dolomiti
,2021-04-23,Flughafen Frankfurt/Main,50.04636632467995,8.561325677686595,FRA,15:30,FCO,01:40,17:10,Aéroport Léonard-de-Vinci de Rome Fiumicino,41.8075,12.2508333,LH236,71,Lufthansa
,2021-04-23,Flughafen Frankfurt/Main,50.04636632467995,8.561325677686595,FRA,18:15,FCO,01:50,20:05,Aéroport Léonard-de-Vinci de Rome Fiumicino,41.8075,12.2508333,AZ407,120,Alitalia
,2021-04-23,Flughafen Frankfurt/Main,50.04636632467995,8.561325677686595,FRA,08:00,DUB,02:05,10:05,Aéroport international de Dublin,53.42667822097449,-6.249931259936072,FR382,41,Ryanair
,2021-04-23,Flughafen Frankfurt/Main,50.04636632467995,8.561325677686595,FRA,09:50,DUB,02:10,12:00,Aéroport international de Dublin,53.42667822097449,-6.249931259936072,LH978,68,Lufthansa
,2021-04-23,Flughafen Frankfurt/Main,50.04636632467995,8.561325677686595,FRA,21:20,DUB,02:08,23:28,Aéroport international de Dublin,53.42667822097449,-6.249931259936072,LH982,137,Lufthansa
,2021-04-23,Flughafen Frankfurt/Main,50.04636632467995,8.561325677686595,FRA,06:50,VIE,01:20,08:10,Aéroport de Vienne-Schwechat,48.1116667,16.5697222,LH1232,166,Lufthansa
,2021-04-23,Flughafen Frankfurt/Main,50.04636632467995,8.561325677686595,FRA,09:50,VIE,01:30,11:20,Aéroport de Vienne-Schwechat,48.1116667,16.5697222,OS122,166,Austrian Airlines
,2021-04-23,Flughafen Frankfurt/Main,50.04636632467995,8.561325677686595,FRA,11:50,VIE,01:35,13:25,Aéroport de Vienne-Schwechat,48.1116667,16.5697222,OS130,166,Austrian Airlines
,2021-04-23,Flughafen Frankfurt/Main,50.04636632467995,8.561325677686595,FRA,15:20,VIE,01:40,17:00,Aéroport de Vienne-Schwechat,48.1116667,16.5697222,OS6029,166,Austrian Airlines
,2021-04-23,Flughafen Frankfurt/Main,50.04636632467995,8.561325677686595,FRA,15:50,VIE,01:30,17:20,Aéroport de Vienne-Schwechat,48.1116667,16.5697222,LH1242,166,Lufthansa
,2021-04-23,Flughafen Frankfurt/Main,50.04636632467995,8.561325677686595,FRA,20:00,VIE,01:35,21:35,Aéroport de Vienne-Schwechat,48.1116667,16.5697222,OS126,176,Austrian Airlines
,2021-04-23,Flughafen Frankfurt/Main,50.04636632467995,8.561325677686595,FRA,06:05,LIS,03:10,09:15,Aéroport Humberto Delgado de Lisbonne,38.7772222,-9.1350000,TP571,91,Tap Air Portugal
,2021-04-23,Flughafen Frankfurt/Main,50.04636632467995,8.561325677686595,FRA,09:15,LIS,03:20,12:35,Aéroport Humberto Delgado de Lisbonne,38.7772222,-9.1350000,LH1166,130,Lufthansa
,2021-04-23,Flughafen Frankfurt/Main,50.04636632467995,8.561325677686595,FRA,13:10,LIS,03:00,16:10,Aéroport Humberto Delgado de Lisbonne,38.7772222,-9.1350000,LH1168,163,Lufthansa
,2021-04-23,Flughafen Frankfurt/Main,50.04636632467995,8.561325677686595,FRA,13:30,LIS,03:05,16:35,Aéroport Humberto Delgado de Lisbonne,38.7772222,-9.1350000,TP573,81,Tap Air Portugal
,2021-04-23,Flughafen Frankfurt/Main,50.04636632467995,8.561325677686595,FRA,19:40,LIS,03:10,22:50,Aéroport Humberto Delgado de Lisbonne,38.7772222,-9.1350000,TP579,70,Tap Air Portugal
,2021-04-23,Amsterdam Airport Schiphol,52.315831708548586,4.771203370264353,AMS,09:00,LIS,03:00,12:00,Aéroport Humberto Delgado de Lisbonne,38.7772222,-9.1350000,KL1693,210,KLM
,2021-04-23,Amsterdam Airport Schiphol,52.315831708548586,4.771203370264353,AMS,09:10,LIS,03:05,12:15,Aéroport Humberto Delgado de Lisbonne,38.7772222,-9.1350000,HV5955,560,Transavia
,2021-04-23,Amsterdam Airport Schiphol,52.315831708548586,4.771203370264353,AMS,12:35,LIS,03:04,15:39,Aéroport Humberto Delgado de Lisbonne,38.7772222,-9.1350000,KL1695,860,KLM
,2021-04-23,Amsterdam Airport Schiphol,52.315831708548586,4.771203370264353,AMS,13:55,LIS,03:10,17:05,Aéroport Humberto Delgado de Lisbonne,38.7772222,-9.1350000,TP673,74,Tap Air Portugal
,2021-04-23,Amsterdam Airport Schiphol,52.315831708548586,4.771203370264353,AMS,06:05,LIS,03:00,09:05,Aéroport Humberto Delgado de Lisbonne,38.7772222,-9.1350000,HV5953,300,Transavia
,2021-04-23,Amsterdam Airport Schiphol,52.315831708548586,4.771203370264353,AMS,07:00,LIS,03:10,10:10,Aéroport Humberto Delgado de Lisbonne,38.7772222,-9.1350000,TP669,96,Tap Air Portugal
,2021-04-23,Amsterdam Airport Schiphol,52.315831708548586,4.771203370264353,AMS,09:20,VIE,01:50,11:10,Aéroport de Vienne-Schwechat,48.1116667,16.5697222,KL1839,160,KLM
,2021-04-23,Amsterdam Airport Schiphol,52.315831708548586,4.771203370264353,AMS,09:55,VIE,01:55,11:50,Aéroport de Vienne-Schwechat,48.1116667,16.5697222,OS372,82,Austrian Airlines
,2021-04-23,Amsterdam Airport Schiphol,52.315831708548586,4.771203370264353,AMS,15:20,VIE,01:50,17:10,Aéroport de Vienne-Schwechat,48.1116667,16.5697222,KL1843,124,KLM
,2021-04-23,Amsterdam Airport Schiphol,52.315831708548586,4.771203370264353,AMS,20:00,VIE,02:00,22:00,Aéroport de Vienne-Schwechat,48.1116667,16.5697222,OS376,82,Austrian Airlines
,2021-04-23,Amsterdam Airport Schiphol,52.315831708548586,4.771203370264353,AMS,20:35,VIE,01:50,22:25,Aéroport de Vienne-Schwechat,48.1116667,16.5697222,KL1849,126,KLM
,2021-04-23,Amsterdam Airport Schiphol,52.315831708548586,4.771203370264353,AMS,07:40,DUB,01:35,09:15,Aéroport international de Dublin,53.42667822097449,-6.249931259936072,KL933,132,KLM
,2021-04-23,Amsterdam Airport Schiphol,52.315831708548586,4.771203370264353,AMS,09:45,DUB,01:30,11:15,Aéroport international de Dublin,53.42667822097449,-6.249931259936072,KL945,120,KLM
,2021-04-23,Amsterdam Airport Schiphol,52.315831708548586,4.771203370264353,AMS,10:25,DUB,01:35,12:00,Aéroport international de Dublin,53.42667822097449,-6.249931259936072,EI603,120,Aer Lingus
,2021-04-23,Amsterdam Airport Schiphol,52.315831708548586,4.771203370264353,AMS,16:00,DUB,01:40,17:40,Aéroport international de Dublin,53.42667822097449,-6.249931259936072,KL937,220,KLM
,2021-04-23,Amsterdam Airport Schiphol,52.315831708548586,4.771203370264353,AMS,21:45,DUB,01:35,23:25,Aéroport international de Dublin,53.42667822097449,-6.249931259936072,KL939,220,KLM
,2021-04-23,Amsterdam Airport Schiphol,52.315831708548586,4.771203370264353,AMS,09:35,FCO,02:10,11:45,Aéroport Léonard-de-Vinci de Rome Fiumicino,41.8075,12.2508333,KL1601,180,KLM
,2021-04-23,Amsterdam Airport Schiphol,52.315831708548586,4.771203370264353,AMS,10:20,FCO,02:15,12:35,Aéroport Léonard-de-Vinci de Rome Fiumicino,41.8075,12.2508333,VY6291,151,Vueling
,2021-04-23,Amsterdam Airport Schiphol,52.315831708548586,4.771203370264353,AMS,12:15,FCO,02:00,14:15,Aéroport Léonard-de-Vinci de Rome Fiumicino,41.8075,12.2508333,AZ107,137,Alitalia
,2021-04-23,Amsterdam Airport Schiphol,52.315831708548586,4.771203370264353,AMS,14:25,FCO,02:15,16:40,Aéroport Léonard-de-Vinci de Rome Fiumicino,41.8075,12.2508333,KL1603,212,KLM
,2021-04-23,Amsterdam Airport Schiphol,52.315831708548586,4.771203370264353,AMS,20:35,FCO,02:10,22:45,Aéroport Léonard-de-Vinci de Rome Fiumicino,41.8075,12.2508333,KL1609,212,KLM
,2021-04-23,Amsterdam Airport Schiphol,52.315831708548586,4.771203370264353,AMS,11:30,IST,03:20,14:50,Aéroport d'Istanbul,41.2825,28.7713889,TK1952,187,Turkish Airlines
,2021-04-23,Amsterdam Airport Schiphol,52.315831708548586,4.771203370264353,AMS,11:40,IST,03:40,15:20,Aéroport d'Istanbul,41.2825,28.7713889,KL1613,180,KLM
,2021-04-23,Amsterdam Airport Schiphol,52.315831708548586,4.771203370264353,AMS,18:30,IST,03:25,21:55,Aéroport d'Istanbul,41.2825,28.7713889,TK1954,209,Turkish Airlines
,2021-04-23,Amsterdam Airport Schiphol,52.315831708548586,4.771203370264353,AMS,13:05,RAK,03:50,16:55,Aéroport de Marrakech-Ménara,31.6150000,-8.0380556,HV5751,150,Transavia
,2021-04-23,Heathrow Airport,51.47397190914563,-0.4547353841720964,LHR,12:25,IST,03:45,16:10,Aéroport d'Istanbul,41.2825,28.7713889,TK1980,165,Turkish Airlines
,2021-04-23,Heathrow Airport,51.47397190914563,-0.4547353841720964,LHR,18:40,IST,03:50,22:30,Aéroport d'Istanbul,41.2825,28.7713889,TK1972,165,Turkish Airlines
,2021-04-23,Heathrow Airport,51.47397190914563,-0.4547353841720964,LHR,12:55,FCO,02:30,15:25,Aéroport Léonard-de-Vinci de Rome Fiumicino,41.8075,12.2508333,AZ203,149,Alitalia
,2021-04-23,Heathrow Airport,51.47397190914563,-0.4547353841720964,LHR,16:40,FCO,02:40,19:20,Aéroport Léonard-de-Vinci de Rome Fiumicino,41.8075,12.2508333,BA554,120,British Airways
,2021-04-23,Heathrow Airport,51.47397190914563,-0.4547353841720964,LHR,18:00,FCO,02:45,20:45,Aéroport Léonard-de-Vinci de Rome Fiumicino,41.8075,12.2508333,AZ205,111,Alitalia
,2021-04-23,Heathrow Airport,51.47397190914563,-0.4547353841720964,LHR,09:35,DUB,02:20,11:55,Aéroport international de Dublin,53.42667822097449,-6.249931259936072,BA828,58,British Airways
,2021-04-23,Heathrow Airport,51.47397190914563,-0.4547353841720964,LHR,10:50,DUB,02:30,13:20,Aéroport international de Dublin,53.42667822097449,-6.249931259936072,EI155,88,Aer Lingus
,2021-04-23,Heathrow Airport,51.47397190914563,-0.4547353841720964,LHR,17:20,DUB,02:20,19:40,Aéroport international de Dublin,53.42667822097449,-6.249931259936072,VS521,110,Virgin Atlantic
,2021-04-23,Heathrow Airport,51.47397190914563,-0.4547353841720964,LHR,17:50,DUB,02:30,20:20,Aéroport international de Dublin,53.42667822097449,-6.249931259936072,EI169,155,Aer Lingus
,2021-04-23,Heathrow Airport,51.47397190914563,-0.4547353841720964,LHR,20:40,VIE,02:15,22:55,Aéroport de Vienne-Schwechat,48.1116667,16.5697222,OS1406,42,Austrian Airlines
,2021-04-23,Heathrow Airport,51.47397190914563,-0.4547353841720964,LHR,10:05,VIE,02:20,12:25,Aéroport de Vienne-Schwechat,48.1116667,16.5697222,OS1402,48,Austrian Airlines
,2021-04-23,Heathrow Airport,51.47397190914563,-0.4547353841720964,LHR,08:30,LIS,02:40,11:10,Aéroport Humberto Delgado de Lisbonne,38.7772222,-9.1350000,BA500,437,British Airways
,2021-04-23,Heathrow Airport,51.47397190914563,-0.4547353841720964,LHR,13:00,LIS,02:45,15:45,Aéroport Humberto Delgado de Lisbonne,38.7772222,-9.1350000,TP1367,46,Tap Air Portugal
,2021-04-23,Heathrow Airport,51.47397190914563,-0.4547353841720964,LHR,13:55,LIS,02:50,16:45,Aéroport Humberto Delgado de Lisbonne,38.7772222,-9.1350000,BA504,430,British Airways
,2021-04-23,Heathrow Airport,51.47397190914563,-0.4547353841720964,LHR,19:45,LIS,02:40,22:25,Aéroport Humberto Delgado de Lisbonne,38.7772222,-9.1350000,TP1357,40,Tap Air Portugal
,2021-04-23,Aéroport international de Tunis-Carthage,36.8511111,10.2272222,TUN,14:30,ALG,01:30,16:00,Aéroport d'Alger - Houari-Boumédiène,36.8511111,3.5169444,BJ130,100,Nouvelair
,2021-04-23,Aéroport international de Tunis-Carthage,36.8511111,10.2272222,TUN,13:15,ALG,01:35,14:50,Aéroport d'Alger - Houari-Boumédiène,36.8511111,3.5169444,TU374,85,Nouvelair
,2021-04-23,Aéroport international de Tunis-Carthage,36.8511111,10.2272222,TUN,14:30,ALG,01:40,16:10,Aéroport d'Alger - Houari-Boumédiène,36.8511111,3.5169444,BJ130,75,Nouvelair
,2021-04-23,Aéroport international de Tunis-Carthage,36.8511111,10.2272222,TUN,11:25,IST,02:35,14:00,Aéroport d'Istanbul,41.2825,28.7713889,BJ640,280,Nouvelair
,2021-04-23,Aéroport international de Tunis-Carthage,36.8511111,10.2272222,TUN,11:50,IST,02:40,14:30,Aéroport d'Istanbul,41.2825,28.7713889,TK662,180,Turkish Airlines
,2021-04-23,Aéroport international de Tunis-Carthage,36.8511111,10.2272222,TUN,18:05,IST,02:35,20:40,Aéroport d'Istanbul,41.2825,28.7713889,TK664,166,Turkish Airlines
,2021-04-23,Aéroport international de Tunis-Carthage,36.8511111,10.2272222,TUN,17:55,IST,02:40,20:35,Aéroport d'Istanbul,41.2825,28.7713889,TU216,240,Tunisair
,2021-04-23,Aéroport international de Tunis-Carthage,36.8511111,10.2272222,TUN,19:15,FCO,01:20,20:35,Aéroport Léonard-de-Vinci de Rome Fiumicino,41.8075,12.2508333,AZ867,130,Alitalia
,2021-04-23,Aéroport international de Tunis-Carthage,36.8511111,10.2272222,TUN,09:00,FCO,01:22,10:22,Aéroport Léonard-de-Vinci de Rome Fiumicino,41.8075,12.2508333,TU752,360,Tunisair
,2021-04-23,Aéroport international de Tunis-Carthage,36.8511111,10.2272222,TUN,14:55,VIE,02:15,17:10,Aéroport de Vienne-Schwechat,48.1116667,16.5697222,TU642,94,Tunisair
,2021-04-23,Aéroport international de Tunis-Carthage,36.8511111,10.2272222,TUN,12:50,CAI,02:55,15:45,Cairo International Airport,30.111387712189778,31.387836926213836,MS844,330,Egyptair
,2021-04-23,Aéroport international de Tunis-Carthage,36.8511111,10.2272222,TUN,03:15,FRA,02:25,05:40,Flughafen Frankfurt/Main,50.04636632467995,8.561325677686595,LH1327,209,Lufthansa
,2021-04-23,Aéroport international de Tunis-Carthage,36.8511111,10.2272222,TUN,08:30,FRA,02:20,10:50,Flughafen Frankfurt/Main,50.04636632467995,8.561325677686595,TU744,107,Tunisair
,2021-04-23,Aéroport international de Tunis-Carthage,36.8511111,10.2272222,TUN,13:00,FRA,02:25,15:25,Flughafen Frankfurt/Main,50.04636632467995,8.561325677686595,LH1323,121,Lufthansa
,2021-04-23,Aéroport international de Tunis-Carthage,36.8511111,10.2272222,TUN,08:00,CDG,02:30,10:30,Aéroport de Paris-Charles de Gaulle,49.0142434999854,2.544806865954252,BJ510,62,Nouvelair
,2021-04-23,Aéroport international de Tunis-Carthage,36.8511111,10.2272222,TUN,11:10,CDG,02:35,13:45,Aéroport de Paris-Charles de Gaulle,49.0142434999854,2.544806865954252,BJ782,70,Nouvelair
,2021-04-23,Aéroport international de Tunis-Carthage,36.8511111,10.2272222,TUN,12:40,CDG,02:30,15:10,Aéroport de Paris-Charles de Gaulle,49.0142434999854,2.544806865954252,AF1285,49,Air France
,2021-04-23,Aéroport international de Tunis-Carthage,36.8511111,10.2272222,TUN,19:25,CDG,02:30,21:55,Aéroport de Paris-Charles de Gaulle,49.0142434999854,2.544806865954252,BJ520,50,Nouvelair
,2021-04-23,Aéroport international de Tunis-Carthage,36.8511111,10.2272222,TUN,19:45,CDG,02:33,22:18,Aéroport de Paris-Charles de Gaulle,49.0142434999854,2.544806865954252,AF1185,45,Air France
,2021-04-23,Aéroport d'Alger - Houari-Boumédiène,36.8511111,3.5169444,ALG,10:50,CDG,02:25,13:15,Aéroport de Paris-Charles de Gaulle,49.0142434999854,2.544806865954252,AF1387,352,Air France
,2021-04-23,Aéroport d'Alger - Houari-Boumédiène,36.8511111,3.5169444,ALG,11:20,CDG,02:20,13:40,Aéroport de Paris-Charles de Gaulle,49.0142434999854,2.544806865954252,5O1052,399,Asl Airlines France
,2021-04-23,Aéroport d'Alger - Houari-Boumédiène,36.8511111,3.5169444,ALG,17:30,CDG,02:20,19:50,Aéroport de Paris-Charles de Gaulle,49.0142434999854,2.544806865954252,AF1385,300,Air France
,2021-04-23,Aéroport d'Alger - Houari-Boumédiène,36.8511111,3.5169444,ALG,18:20,CDG,02:20,20:40,Aéroport de Paris-Charles de Gaulle,49.0142434999854,2.544806865954252,5O1038,450,Asl Airlines France
,2021-04-23,Aéroport d'Alger - Houari-Boumédiène,36.8511111,3.5169444,ALG,19:50,CDG,02:25,22:15,Aéroport de Paris-Charles de Gaulle,49.0142434999854,2.544806865954252,5O1070,402,Asl Airlines France
,2021-04-23,Aéroport d'Alger - Houari-Boumédiène,36.8511111,3.5169444,ALG,08:35,CDG,02:20,10:45,Aéroport de Paris-Charles de Gaulle,49.0142434999854,2.544806865954252,AH1208,300,Air Algerie
,2021-04-23,Aéroport d'Alger - Houari-Boumédiène,36.8511111,3.5169444,ALG,19:50,MAD,01:45,21:35,Aeropuerto de Adolfo Suárez Madrid-Barajas,40.49848719017528,-3.5676196599853203,AH2206,120,Air Algerie
,2021-04-23,Aéroport d'Alger - Houari-Boumédiène,36.8511111,3.5169444,ALG,11:30,MAD,01:35,13:05,Aeropuerto de Adolfo Suárez Madrid-Barajas,40.49848719017528,-3.5676196599853203,WT8157,132,Swiftair
,2021-04-23,Aéroport d'Alger - Houari-Boumédiène,36.8511111,3.5169444,ALG,13:40,FRA,01:50,15:30,Flughafen Frankfurt/Main,50.04636632467995,8.561325677686595,LH1317,300,Lufthansa
,2021-04-23,Aéroport d'Alger - Houari-Boumédiène,36.8511111,3.5169444,ALG,11:25,FRA,02:00,13:25,Flughafen Frankfurt/Main,50.04636632467995,8.561325677686595,AH2208,190,Air Algerie
,2021-04-23,Aéroport d'Alger - Houari-Boumédiène,36.8511111,3.5169444,ALG,18:00,VIE,02:00,20:00,Aéroport de Vienne-Schwechat,48.1116667,16.5697222,TK6327,500,Turkish Airlines
,2021-04-23,Aéroport d'Alger - Houari-Boumédiène,36.8511111,3.5169444,ALG,12:05,FCO,01:50,13:55,Aéroport Léonard-de-Vinci de Rome Fiumicino,41.8075,12.2508333,AZ801,200,Alitalia
,2021-04-23,Aéroport d'Alger - Houari-Boumédiène,36.8511111,3.5169444,ALG,11:30,FCO,01:55,13:25,Aéroport Léonard-de-Vinci de Rome Fiumicino,41.8075,12.2508333,AH2024,195,Air Algerie
,2021-04-23,Aéroport d'Alger - Houari-Boumédiène,36.8511111,3.5169444,ALG,11:15,IST,03:30,14:45,Aéroport d'Istanbul,41.2825,28.7713889,AH3026,270,Air Algerie
,2021-04-23,Aéroport d'Alger - Houari-Boumédiène,36.8511111,3.5169444,ALG,17:45,IST,03:45,21:30,Aéroport d'Istanbul,41.2825,28.7713889,TK652,264,Turkish Airlines
,2021-04-23,Aéroport d'Alger - Houari-Boumédiène,36.8511111,3.5169444,ALG,11:00,TUN,01:30,12:30,Aéroport international de Tunis-Carthage,36.8511111,10.2272222,BJ4581,703,Nouvelair
,2021-04-23,Aéroport d'Alger - Houari-Boumédiène,36.8511111,3.5169444,ALG,16:55,TUN,01:35,18:30,Aéroport international de Tunis-Carthage,36.8511111,10.2272222,BJ131,800,Nouvelair
,2021-04-23,Aéroport d'Alger - Houari-Boumédiène,36.8511111,3.5169444,ALG,10:50,TUN,01:40,12:30,Aéroport international de Tunis-Carthage,36.8511111,10.2272222,TK6521,850,Turkish Airlines
,2021-04-23,Aéroport d'Alger - Houari-Boumédiène,36.8511111,3.5169444,ALG,12:00,TUN,01:30,13:30,Aéroport international de Tunis-Carthage,36.8511111,10.2272222,TU6837,720,Tunisair
,2021-04-23,Aéroport d'Alger - Houari-Boumédiène,36.8511111,3.5169444,ALG,15:35,TUN,01:35,17:10,Aéroport international de Tunis-Carthage,36.8511111,10.2272222,TU375,624,Tunisair
,2021-04-23,Aéroport de Marrakech-Ménara,31.6150000,-8.0380556,RAK,17:05,IST,05:00,22:05,Aéroport d'Istanbul,41.2825,28.7713889,TK620,203,Turkish Airlines
,2021-04-23,Aéroport de Marrakech-Ménara,31.6150000,-8.0380556,RAK,18:45,CDG,03:20,22:05,Aéroport de Paris-Charles de Gaulle,49.0142434999854,2.544806865954252,AF1077,65,Air France
,2021-04-23,Aéroport de Marrakech-Ménara,31.6150000,-8.0380556,RAK,20:10,CDG,03:30,23:40,Aéroport de Paris-Charles de Gaulle,49.0142434999854,2.544806865954252,U23870,62,EasyJet
,2021-04-23,Aéroport de Marrakech-Ménara,31.6150000,-8.0380556,RAK,09:30,MAD,02:05,11:35,Aeropuerto de Adolfo Suárez Madrid-Barajas,40.49848719017528,-3.5676196599853203,AT684,22,Royal Air Maroc
,2021-04-23,Aéroport de Marrakech-Ménara,31.6150000,-8.0380556,RAK,13:55,MAD,02:10,16:05,Aeropuerto de Adolfo Suárez Madrid-Barajas,40.49848719017528,-3.5676196599853203,IB8817,15,Iberia
,2021-04-23,Aéroport de Marrakech-Ménara,31.6150000,-8.0380556,RAK,21:20,MAD,02:15,23:35,Aeropuerto de Adolfo Suárez Madrid-Barajas,40.49848719017528,-3.5676196599853203,FR7753,9,Ryanair
,2021-04-23,Aéroport d'Istanbul,41.2825,28.7713889,IST,14:05,TUN,02:35,16:40,Aéroport international de Tunis-Carthage,36.8511111,10.2272222,TK663,199,Turkish Airlines
,2021-04-23,Aéroport d'Istanbul,41.2825,28.7713889,IST,15:15,TUN,02:40,17:55,Aéroport international de Tunis-Carthage,36.8511111,10.2272222,BJ641,189,Nouvelair
,2021-04-23,Aéroport d'Istanbul,41.2825,28.7713889,IST,07:50,TUN,02:35,10:25,Aéroport international de Tunis-Carthage,36.8511111,10.2272222,TK661,184,Turkish Airlines
,2021-04-23,Aéroport d'Istanbul,41.2825,28.7713889,IST,01:10,ALG,03:30,04:40,Aéroport d'Alger - Houari-Boumédiène,36.8511111,3.5169444,,766,Turkish Airlines
,2021-04-23,Aéroport d'Istanbul,41.2825,28.7713889,IST,16:00,ALG,03:30,19:30,Aéroport d'Alger - Houari-Boumédiène,36.8511111,3.5169444,,702,Turkish Airlines
,2021-04-23,Aéroport d'Istanbul,41.2825,28.7713889,IST,01:30,ALG,03:45,05:15,Aéroport d'Alger - Houari-Boumédiène,36.8511111,3.5169444,,720,Turkish Airlines
,2021-04-23,Aéroport d'Istanbul,41.2825,28.7713889,IST,12:00,ALG,03:30,15:30,Aéroport d'Alger - Houari-Boumédiène,36.8511111,3.5169444,,697,Turkish Airlines
,2021-04-23,Aéroport d'Istanbul,41.2825,28.7713889,IST,10:50,RAK,05:00,15:50,Aéroport de Marrakech-Ménara,31.6150000,-8.0380556,,227,Turkish Airlines
,2021-04-23,Aéroport d'Istanbul,41.2825,28.7713889,IST,16:05,FCO,02:35,18:40,Aéroport Léonard-de-Vinci de Rome Fiumicino,41.8075,12.2508333,,145,Turkish Airlines
,2021-04-23,Aéroport d'Istanbul,41.2825,28.7713889,IST,07:20,FCO,02:30,09:50,Aéroport Léonard-de-Vinci de Rome Fiumicino,41.8075,12.2508333,,120,Turkish Airlines
,2021-04-23,Aéroport d'Istanbul,41.2825,28.7713889,IST,06:10,DUB,04:35,10:45,Aéroport international de Dublin,53.42667822097449,-6.249931259936072,,150,Turkish Airlines
,2021-04-23,Aéroport d'Istanbul,41.2825,28.7713889,IST,11:30,DUB,04:30,16:00,Aéroport international de Dublin,53.42667822097449,-6.249931259936072,,120,Turkish Airlines
,2021-04-23,Aéroport d'Istanbul,41.2825,28.7713889,IST,16:05,VIE,02:15,18:20,Aéroport de Vienne-Schwechat,48.1116667,16.5697222,,80,Turkish Airlines
,2021-04-23,Aéroport d'Istanbul,41.2825,28.7713889,IST,06:50,VIE,02:20,09:10,Aéroport de Vienne-Schwechat,48.1116667,16.5697222,,75,Turkish Airlines
,2021-04-23,Aéroport d'Istanbul,41.2825,28.7713889,IST,11:30,LIS,04:55,16:25,Aéroport Humberto Delgado de Lisbonne,38.7772222,-9.1350000,,200,Turkish Airlines
,2021-04-23,Aéroport d'Istanbul,41.2825,28.7713889,IST,06:10,LIS,04:50,11:00,Aéroport Humberto Delgado de Lisbonne,38.7772222,-9.1350000,,160,Turkish Airlines
,2021-04-23,Aéroport d'Istanbul,41.2825,28.7713889,IST,14:20,CDG,03:30,17:50,Aéroport de Paris-Charles de Gaulle,49.0142434999854,2.544806865954252,,105,Turkish Airlines
,2021-04-23,Aéroport d'Istanbul,41.2825,28.7713889,IST,03:15,CDG,03:22,06:37,Aéroport de Paris-Charles de Gaulle,49.0142434999854,2.544806865954252,,97,Turkish Airlines
,2021-04-23,Aéroport d'Istanbul,41.2825,28.7713889,IST,06:05,CDG,03:30,09:35,Aéroport de Paris-Charles de Gaulle,49.0142434999854,2.544806865954252,,100,Turkish Airlines
,2021-04-23,Aéroport d'Istanbul,41.2825,28.7713889,IST,05:45,AYT,01:25,07:10,Antalya Airport,36.90591678165104,30.80168679901064,,38,Turkish Airlines
,2021-04-23,Aéroport d'Istanbul,41.2825,28.7713889,IST,07:40,AYT,01:30,09:10,Antalya Airport,36.90591678165104,30.80168679901064,,36,Turkish Airlines
,2021-04-23,Aéroport d'Istanbul,41.2825,28.7713889,IST,09:55,AYT,01:15,11:10,Antalya Airport,36.90591678165104,30.80168679901064,,49,Turkish Airlines
,2021-04-23,Aéroport d'Istanbul,41.2825,28.7713889,IST,11:25,AYT,01:20,12:45,Antalya Airport,36.90591678165104,30.80168679901064,,50,Turkish Airlines
,2021-04-23,Aéroport d'Istanbul,41.2825,28.7713889,IST,13:20,AYT,01:25,14:45,Antalya Airport,36.90591678165104,30.80168679901064,,45,Turkish Airlines
,2021-04-23,Aéroport d'Istanbul,41.2825,28.7713889,IST,15:35,AYT,01:30,17:05,Antalya Airport,36.90591678165104,30.80168679901064,,46,Turkish Airlines
,2021-04-23,Aéroport d'Istanbul,41.2825,28.7713889,IST,16:40,AYT,01:15,17:55,Antalya Airport,36.90591678165104,30.80168679901064,,41,Turkish Airlines
,2021-04-23,Aéroport d'Istanbul,41.2825,28.7713889,IST,19:10,AYT,01:20,20:30,Antalya Airport,36.90591678165104,30.80168679901064,,35,Turkish Airlines
,2021-04-23,Aéroport d'Istanbul,41.2825,28.7713889,IST,22:10,AYT,01:25,23:35,Antalya Airport,36.90591678165104,30.80168679901064,,40,Turkish Airlines
,2021-04-23,Aéroport d'Istanbul,41.2825,28.7713889,IST,12:15,MAD,04:15,16:30,Aeropuerto de Adolfo Suárez Madrid-Barajas,40.49848719017528,-3.5676196599853203,,180,Turkish Airlines
,2021-04-23,Aéroport d'Istanbul,41.2825,28.7713889,IST,06:10,MAD,04:30,10:40,Aeropuerto de Adolfo Suárez Madrid-Barajas,40.49848719017528,-3.5676196599853203,,200,Turkish Airlines
,2021-04-23,Aéroport d'Istanbul,41.2825,28.7713889,IST,14:15,SVO,06:50,21:05,Aéroport de Moscou-Cheremetievo,55.9741553226849,37.412529654098726,,114,Turkish Airlines
,2021-04-23,Aéroport d'Istanbul,41.2825,28.7713889,IST,13:00,CAI,02:25,15:25,Cairo International Airport,30.111387712189778,31.387836926213836,,320,Turkish Airlines
,2021-04-23,Aéroport d'Istanbul,41.2825,28.7713889,IST,17:20,CAI,02:15,19:35,Cairo International Airport,30.111387712189778,31.387836926213836,,410,Turkish Airlines
,2021-04-23,Aéroport d'Istanbul,41.2825,28.7713889,IST,17:35,CAI,02:20,19:55,Cairo International Airport,30.111387712189778,31.387836926213836,,160,Turkish Airlines
,2021-04-23,Aéroport d'Istanbul,41.2825,28.7713889,IST,20:45,CAI,02:25,23:10,Cairo International Airport,30.111387712189778,31.387836926213836,,280,Turkish Airlines
,2021-04-23,Aéroport d'Istanbul,41.2825,28.7713889,IST,05:25,FRA,03:00,08:25,Flughafen Frankfurt/Main,50.04636632467995,8.561325677686595,,98,Turkish Airlines
,2021-04-23,Aéroport d'Istanbul,41.2825,28.7713889,IST,07:10,FRA,03:20,10:30,Flughafen Frankfurt/Main,50.04636632467995,8.561325677686595,,84,Turkish Airlines
,2021-04-23,Aéroport d'Istanbul,41.2825,28.7713889,IST,10:40,FRA,03:10,13:50,Flughafen Frankfurt/Main,50.04636632467995,8.561325677686595,,88,Turkish Airlines
,2021-04-23,Aéroport d'Istanbul,41.2825,28.7713889,IST,14:15,FRA,03:12,17:27,Flughafen Frankfurt/Main,50.04636632467995,8.561325677686595,,111,Turkish Airlines
,2021-04-23,Aéroport d'Istanbul,41.2825,28.7713889,IST,13:35,AMS,03:20,16:55,Amsterdam Airport Schiphol,52.315831708548586,4.771203370264353,,80,Turkish Airlines
,2021-04-23,Aéroport d'Istanbul,41.2825,28.7713889,IST,16:00,AMS,03:40,19:40,Amsterdam Airport Schiphol,52.315831708548586,4.771203370264353,,90,Turkish Airlines
,2021-04-23,Aéroport d'Istanbul,41.2825,28.7713889,IST,06:25,AMS,03:25,09:50,Amsterdam Airport Schiphol,52.315831708548586,4.771203370264353,,69,Turkish Airlines
,2021-04-23,Aéroport d'Istanbul,41.2825,28.7713889,IST,13:05,LHR,03:45,16:50,Heathrow Airport,51.47397190914563,-0.4547353841720964,,128,Turkish Airlines
,2021-04-23,Aéroport d'Istanbul,41.2825,28.7713889,IST,06:50,LHR,03:50,10:40,Heathrow Airport,51.47397190914563,-0.4547353841720964,,138,Turkish Airlines
,2021-04-23,Aéroport Léonard-de-Vinci de Rome Fiumicino,41.8075,12.2508333,FCO,14:20,LHR,02:30,16:50,Heathrow Airport,51.47397190914563,-0.4547353841720964,,90,Turkish Airlines
,2021-04-23,Aéroport Léonard-de-Vinci de Rome Fiumicino,41.8075,12.2508333,FCO,20:50,DUB,02:40,23:30,Aéroport international de Dublin,53.42667822097449,-6.249931259936072,,60,Alitalia
,2021-04-23,Aéroport Léonard-de-Vinci de Rome Fiumicino,41.8075,12.2508333,FCO,09:25,LHR,02:45,12:10,Heathrow Airport,51.47397190914563,-0.4547353841720964,,230,KLM
,2021-04-23,Aéroport Léonard-de-Vinci de Rome Fiumicino,41.8075,12.2508333,FCO,12:40,AMS,02:10,14:50,Amsterdam Airport Schiphol,52.315831708548586,4.771203370264353,,130,KLM
,2021-04-23,Aéroport Léonard-de-Vinci de Rome Fiumicino,41.8075,12.2508333,FCO,06:30,AMS,02:15,08:45,Amsterdam Airport Schiphol,52.315831708548586,4.771203370264353,,250,Alitalia
,2021-04-23,Aéroport Léonard-de-Vinci de Rome Fiumicino,41.8075,12.2508333,FCO,08:55,AMS,02:00,10:55,Amsterdam Airport Schiphol,52.315831708548586,4.771203370264353,,150,KLM
,2021-04-23,Aéroport Léonard-de-Vinci de Rome Fiumicino,41.8075,12.2508333,FCO,12:40,AMS,02:10,14:50,Amsterdam Airport Schiphol,52.315831708548586,4.771203370264353,,86,KLM
,2021-04-23,Aéroport Léonard-de-Vinci de Rome Fiumicino,41.8075,12.2508333,FCO,17:25,AMS,02:15,19:40,Amsterdam Airport Schiphol,52.315831708548586,4.771203370264353,,110,Alitalia
,2021-04-23,Aéroport Léonard-de-Vinci de Rome Fiumicino,41.8075,12.2508333,FCO,13:40,FRA,01:30,15:10,Flughafen Frankfurt/Main,50.04636632467995,8.561325677686595,,40,KLM
,2021-04-23,Aéroport Léonard-de-Vinci de Rome Fiumicino,41.8075,12.2508333,FCO,18:05,FRA,01:40,19:45,Flughafen Frankfurt/Main,50.04636632467995,8.561325677686595,,200,KLM
,2021-04-23,Aéroport Léonard-de-Vinci de Rome Fiumicino,41.8075,12.2508333,FCO,09:05,FRA,01:50,10:55,Flughafen Frankfurt/Main,50.04636632467995,8.561325677686595,,90,Alitalia
,2021-04-23,Aéroport Léonard-de-Vinci de Rome Fiumicino,41.8075,12.2508333,FCO,14:00,CAI,03:15,17:15,Cairo International Airport,30.111387712189778,31.387836926213836,,300,KLM
,2021-04-23,Aéroport Léonard-de-Vinci de Rome Fiumicino,41.8075,12.2508333,FCO,12:30,SVO,03:55,16:25,Aéroport de Moscou-Cheremetievo,55.9741553226849,37.412529654098726,,250,KLM
,2021-04-23,Aéroport Léonard-de-Vinci de Rome Fiumicino,41.8075,12.2508333,FCO,18:20,SVO,03:50,22:10,Aéroport de Moscou-Cheremetievo,55.9741553226849,37.412529654098726,,240,Alitalia
,2021-04-23,Aéroport Léonard-de-Vinci de Rome Fiumicino,41.8075,12.2508333,FCO,14:00,MAD,02:40,16:40,Aeropuerto de Adolfo Suárez Madrid-Barajas,40.49848719017528,-3.5676196599853203,,48,KLM
,2021-04-23,Aéroport Léonard-de-Vinci de Rome Fiumicino,41.8075,12.2508333,FCO,18:25,MAD,02:50,21:15,Aeropuerto de Adolfo Suárez Madrid-Barajas,40.49848719017528,-3.5676196599853203,,40,Alitalia
,2021-04-23,Aéroport Léonard-de-Vinci de Rome Fiumicino,41.8075,12.2508333,FCO,19:45,MAD,02:35,22:20,Aeropuerto de Adolfo Suárez Madrid-Barajas,40.49848719017528,-3.5676196599853203,,38,KLM
,2021-04-23,Aéroport Léonard-de-Vinci de Rome Fiumicino,41.8075,12.2508333,FCO,12:20,CDG,02:05,14:25,Aéroport de Paris-Charles de Gaulle,49.0142434999854,2.544806865954252,,109,KLM
,2021-04-23,Aéroport Léonard-de-Vinci de Rome Fiumicino,41.8075,12.2508333,FCO,15:25,CDG,02:00,17:25,Aéroport de Paris-Charles de Gaulle,49.0142434999854,2.544806865954252,,100,Alitalia
,2021-04-23,Aéroport Léonard-de-Vinci de Rome Fiumicino,41.8075,12.2508333,FCO,19:55,CDG,02:10,22:05,Aéroport de Paris-Charles de Gaulle,49.0142434999854,2.544806865954252,,86,KLM
,2021-04-23,Aéroport Léonard-de-Vinci de Rome Fiumicino,41.8075,12.2508333,FCO,09:00,CDG,02:00,11:00,Aéroport de Paris-Charles de Gaulle,49.0142434999854,2.544806865954252,,90,KLM
,2021-04-23,Aéroport Léonard-de-Vinci de Rome Fiumicino,41.8075,12.2508333,FCO,17:10,TUN,01:20,18:30,Aéroport international de Tunis-Carthage,36.8511111,10.2272222,,190,Alitalia
,2021-04-23,Aéroport Léonard-de-Vinci de Rome Fiumicino,41.8075,12.2508333,FCO,11:20,TUN,01:22,12:42,Aéroport international de Tunis-Carthage,36.8511111,10.2272222,,180,KLM
,2021-04-23,Aéroport Léonard-de-Vinci de Rome Fiumicino,41.8075,12.2508333,FCO,15:00,ALG,01:50,16:50,Aéroport d'Alger - Houari-Boumédiène,36.8511111,3.5169444,,630,Alitalia
,2021-04-23,Aéroport Léonard-de-Vinci de Rome Fiumicino,41.8075,12.2508333,FCO,09:20,ALG,01:55,11:15,Aéroport d'Alger - Houari-Boumédiène,36.8511111,3.5169444,,545,KLM
,2021-04-23,Aéroport Léonard-de-Vinci de Rome Fiumicino,41.8075,12.2508333,FCO,19:40,IST,02:35,22:25,Aéroport d'Istanbul,41.2825,28.7713889,,188,KLM
,2021-04-23,Aéroport Léonard-de-Vinci de Rome Fiumicino,41.8075,12.2508333,FCO,11:20,IST,02:30,13:50,Aéroport d'Istanbul,41.2825,28.7713889,,160,Alitalia
,2021-04-23,Aéroport Léonard-de-Vinci de Rome Fiumicino,41.8075,12.2508333,FCO,08:30,VIE,01:40,10:10,Aéroport de Vienne-Schwechat,48.1116667,16.5697222,,140,KLM
,2021-04-23,Aéroport Léonard-de-Vinci de Rome Fiumicino,41.8075,12.2508333,FCO,09:40,VIE,01:44,11:24,Aéroport de Vienne-Schwechat,48.1116667,16.5697222,,90,KLM
,2021-04-23,Aéroport Léonard-de-Vinci de Rome Fiumicino,41.8075,12.2508333,FCO,12:15,LIS,03:05,15:20,Aéroport Humberto Delgado de Lisbonne,38.7772222,-9.1350000,,63,Alitalia
,2021-04-23,Aéroport Léonard-de-Vinci de Rome Fiumicino,41.8075,12.2508333,FCO,17:35,LIS,03:10,20:45,Aéroport Humberto Delgado de Lisbonne,38.7772222,-9.1350000,,61,KLM
,2021-04-23,Aéroport international de Dublin,53.42667822097449,-6.249931259936072,DUB,11:40,LIS,02:40,14:20,Aéroport Humberto Delgado de Lisbonne,38.7772222,-9.1350000,,19,KLM
,2021-04-23,Aéroport international de Dublin,53.42667822097449,-6.249931259936072,DUB,18:25,LIS,02:44,21:09,Aéroport Humberto Delgado de Lisbonne,38.7772222,-9.1350000,,16,KLM
,2021-04-23,Aéroport international de Dublin,53.42667822097449,-6.249931259936072,DUB,20:30,LIS,02:50,23:20,Aéroport Humberto Delgado de Lisbonne,38.7772222,-9.1350000,,13,KLM
,2021-04-23,Aéroport international de Dublin,53.42667822097449,-6.249931259936072,DUB,15:20,VIE,02:40,18:00,Aéroport de Vienne-Schwechat,48.1116667,16.5697222,,160,Aer Lingus
,2021-04-23,Aéroport international de Dublin,53.42667822097449,-6.249931259936072,DUB,09:05,VIE,02:50,11:55,Aéroport de Vienne-Schwechat,48.1116667,16.5697222,,189,KLM
,2021-04-23,Aéroport international de Dublin,53.42667822097449,-6.249931259936072,DUB,11:15,IST,04:30,15:45,Aéroport d'Istanbul,41.2825,28.7713889,,249,KLM
,2021-04-23,Aéroport international de Dublin,53.42667822097449,-6.249931259936072,DUB,15:30,LHR,02:20,17:50,Heathrow Airport,51.47397190914563,-0.4547353841720964,,83,KLM
,2021-04-23,Aéroport international de Dublin,53.42667822097449,-6.249931259936072,DUB,19:30,LHR,02:30,22:00,Heathrow Airport,51.47397190914563,-0.4547353841720964,,90,Aer Lingus
,2021-04-23,Aéroport international de Dublin,53.42667822097449,-6.249931259936072,DUB,20:00,LHR,02:20,22:20,Heathrow Airport,51.47397190914563,-0.4547353841720964,,89,KLM
,2021-04-23,Aéroport international de Dublin,53.42667822097449,-6.249931259936072,DUB,12:10,AMS,01:35,13:45,Amsterdam Airport Schiphol,52.315831708548586,4.771203370264353,,19,KLM
,2021-04-23,Aéroport international de Dublin,53.42667822097449,-6.249931259936072,DUB,18:20,AMS,01:30,19:50,Amsterdam Airport Schiphol,52.315831708548586,4.771203370264353,,15,Aer Lingus
,2021-04-23,Aéroport international de Dublin,53.42667822097449,-6.249931259936072,DUB,20:35,AMS,01:35,22:10,Amsterdam Airport Schiphol,52.315831708548586,4.771203370264353,,13,KLM
,2021-04-23,Aéroport international de Dublin,53.42667822097449,-6.249931259936072,DUB,06:55,FRA,02:05,09:00,Flughafen Frankfurt/Main,50.04636632467995,8.561325677686595,,50,Aer Lingus
,2021-04-23,Aéroport international de Dublin,53.42667822097449,-6.249931259936072,DUB,13:10,FRA,02:10,15:20,Flughafen Frankfurt/Main,50.04636632467995,8.561325677686595,,64,Aer Lingus
,2021-04-23,Aéroport international de Dublin,53.42667822097449,-6.249931259936072,DUB,18:40,FRA,02:08,20:48,Flughafen Frankfurt/Main,50.04636632467995,8.561325677686595,,32,KLM
,2021-04-23,Aéroport international de Dublin,53.42667822097449,-6.249931259936072,DUB,18:55,MAD,02:25,21:20,Aeropuerto de Adolfo Suárez Madrid-Barajas,40.49848719017528,-3.5676196599853203,,19,Aer Lingus
,2021-04-23,Aéroport international de Dublin,53.42667822097449,-6.249931259936072,DUB,19:50,MAD,02:30,22:20,Aeropuerto de Adolfo Suárez Madrid-Barajas,40.49848719017528,-3.5676196599853203,,20,KLM
,2021-04-23,Aéroport international de Dublin,53.42667822097449,-6.249931259936072,DUB,19:50,MAD,02:20,22:10,Aeropuerto de Adolfo Suárez Madrid-Barajas,40.49848719017528,-3.5676196599853203,,15,Aer Lingus
,2021-04-23,Aéroport international de Dublin,53.42667822097449,-6.249931259936072,DUB,07:00,CDG,01:45,08:45,Aéroport de Paris-Charles de Gaulle,49.0142434999854,2.544806865954252,,72,Aer Lingus
,2021-04-23,Aéroport international de Dublin,53.42667822097449,-6.249931259936072,DUB,16:30,CDG,01:50,18:20,Aéroport de Paris-Charles de Gaulle,49.0142434999854,2.544806865954252,,78,Aer Lingus
,2021-04-23,Aéroport international de Dublin,53.42667822097449,-6.249931259936072,DUB,08:00,CDG,01:45,09:45,Aéroport de Paris-Charles de Gaulle,49.0142434999854,2.544806865954252,,60,Austrian Airlines
,2021-04-23,Aéroport de Vienne-Schwechat,48.1116667,16.5697222,VIE,12:15,CDG,01:55,14:10,Aéroport de Paris-Charles de Gaulle,49.0142434999854,2.544806865954252,,206,KLM
,2021-04-23,Aéroport de Vienne-Schwechat,48.1116667,16.5697222,VIE,17:25,CDG,01:50,19:15,Aéroport de Paris-Charles de Gaulle,49.0142434999854,2.544806865954252,,180,Austrian Airlines
,2021-04-23,Aéroport de Vienne-Schwechat,48.1116667,16.5697222,VIE,07:10,CDG,01:50,09:00,Aéroport de Paris-Charles de Gaulle,49.0142434999854,2.544806865954252,,120,Austrian Airlines
,2021-04-23,Aéroport de Vienne-Schwechat,48.1116667,16.5697222,VIE,14:55,AYT,04:50,19:45,Antalya Airport,36.90591678165104,30.80168679901064,,150,KLM
,2021-04-23,Aéroport de Vienne-Schwechat,48.1116667,16.5697222,VIE,18:05,MAD,02:55,21:00,Aeropuerto de Adolfo Suárez Madrid-Barajas,40.49848719017528,-3.5676196599853203,,42,Austrian Airlines
,2021-04-23,Aéroport de Vienne-Schwechat,48.1116667,16.5697222,VIE,19:40,MAD,03:00,22:40,Aeropuerto de Adolfo Suárez Madrid-Barajas,40.49848719017528,-3.5676196599853203,,35,Austrian Airlines
,2021-04-23,Aéroport de Vienne-Schwechat,48.1116667,16.5697222,VIE,11:10,MAD,02:50,14:00,Aeropuerto de Adolfo Suárez Madrid-Barajas,40.49848719017528,-3.5676196599853203,,30,KLM
,2021-04-23,Aéroport de Vienne-Schwechat,48.1116667,16.5697222,VIE,19:40,SVO,02:55,22:35,Aéroport de Moscou-Cheremetievo,55.9741553226849,37.412529654098726,,230,Austrian Airlines
,2021-04-23,Aéroport de Vienne-Schwechat,48.1116667,16.5697222,VIE,13:45,CAI,04:35,18:20,Cairo International Airport,30.111387712189778,31.387836926213836,,480,Austrian Airlines
,2021-04-23,Aéroport de Vienne-Schwechat,48.1116667,16.5697222,VIE,15:30,CAI,04:40,20:10,Cairo International Airport,30.111387712189778,31.387836926213836,,360,KLM
,2021-04-23,Aéroport de Vienne-Schwechat,48.1116667,16.5697222,VIE,16:15,FRA,01:20,17:25,Flughafen Frankfurt/Main,50.04636632467995,8.561325677686595,,190,Austrian Airlines
,2021-04-23,Aéroport de Vienne-Schwechat,48.1116667,16.5697222,VIE,16:15,FRA,01:30,17:45,Flughafen Frankfurt/Main,50.04636632467995,8.561325677686595,,201,Austrian Airlines
,2021-04-23,Aéroport de Vienne-Schwechat,48.1116667,16.5697222,VIE,17:30,FRA,01:35,19:05,Flughafen Frankfurt/Main,50.04636632467995,8.561325677686595,,200,Austrian Airlines
,2021-04-23,Aéroport de Vienne-Schwechat,48.1116667,16.5697222,VIE,19:10,FRA,01:40,20:50,Flughafen Frankfurt/Main,50.04636632467995,8.561325677686595,,150,Austrian Airlines
,2021-04-23,Aéroport de Vienne-Schwechat,48.1116667,16.5697222,VIE,17:20,AMS,01:50,19:10,Amsterdam Airport Schiphol,52.315831708548586,4.771203370264353,,140,Austrian Airlines
,2021-04-23,Aéroport de Vienne-Schwechat,48.1116667,16.5697222,VIE,17:50,AMS,01:55,19:45,Amsterdam Airport Schiphol,52.315831708548586,4.771203370264353,,120,Austrian Airlines
,2021-04-23,Aéroport de Vienne-Schwechat,48.1116667,16.5697222,VIE,06:55,AMS,01:50,08:45,Amsterdam Airport Schiphol,52.315831708548586,4.771203370264353,,100,KLM
,2021-04-23,Aéroport de Vienne-Schwechat,48.1116667,16.5697222,VIE,07:15,AMS,02:00,09:15,Amsterdam Airport Schiphol,52.315831708548586,4.771203370264353,,90,Austrian Airlines
,2021-04-23,Aéroport de Vienne-Schwechat,48.1116667,16.5697222,VIE,17:30,LHR,02:15,19:45,Heathrow Airport,51.47397190914563,-0.4547353841720964,,220,Austrian Airlines
,2021-04-23,Aéroport de Vienne-Schwechat,48.1116667,16.5697222,VIE,06:50,LHR,02:20,09:10,Heathrow Airport,51.47397190914563,-0.4547353841720964,,120,KLM
,2021-04-23,Aéroport de Vienne-Schwechat,48.1116667,16.5697222,VIE,16:10,LIS,03:40,19:50,Aéroport Humberto Delgado de Lisbonne,38.7772222,-9.1350000,,100,Austrian Airlines
,2021-04-23,Aéroport de Vienne-Schwechat,48.1116667,16.5697222,VIE,19:45,LIS,03:35,23:25,Aéroport Humberto Delgado de Lisbonne,38.7772222,-9.1350000,,36,Austrian Airlines
,2021-04-23,Aéroport de Vienne-Schwechat,48.1116667,16.5697222,VIE,18:45,DUB,02:40,21:25,Aéroport international de Dublin,53.42667822097449,-6.249931259936072,,14,Austrian Airlines
,2021-04-23,Aéroport de Vienne-Schwechat,48.1116667,16.5697222,VIE,12:10,DUB,02:50,15:00,Aéroport international de Dublin,53.42667822097449,-6.249931259936072,,15,Austrian Airlines
,2021-04-23,Aéroport de Vienne-Schwechat,48.1116667,16.5697222,VIE,17:40,FCO,01:40,19:20,Aéroport Léonard-de-Vinci de Rome Fiumicino,41.8075,12.2508333,,100,Austrian Airlines
,2021-04-23,Aéroport de Vienne-Schwechat,48.1116667,16.5697222,VIE,06:10,FCO,01:44,07:54,Aéroport Léonard-de-Vinci de Rome Fiumicino,41.8075,12.2508333,,80,Austrian Airlines
,2021-04-23,Aéroport de Vienne-Schwechat,48.1116667,16.5697222,VIE,19:45,IST,02:15,22:00,Aéroport d'Istanbul,41.2825,28.7713889,,200,KLM
,2021-04-23,Aéroport de Vienne-Schwechat,48.1116667,16.5697222,VIE,10:05,IST,02:20,12:25,Aéroport d'Istanbul,41.2825,28.7713889,,190,Austrian Airlines
,2021-04-23,Aéroport de Vienne-Schwechat,48.1116667,16.5697222,VIE,19:45,ALG,02:00,21:45,Aéroport d'Alger - Houari-Boumédiène,36.8511111,3.5169444,,650,Austrian Airlines
,2021-04-23,Aéroport Humberto Delgado de Lisbonne,38.7772222,-9.1350000,LIS,15:35,VIE,03:40,19:15,Aéroport de Vienne-Schwechat,48.1116667,16.5697222,,16,KLM
,2021-04-23,Aéroport Humberto Delgado de Lisbonne,38.7772222,-9.1350000,LIS,20:15,VIE,03:35,23:50,Aéroport de Vienne-Schwechat,48.1116667,16.5697222,,22,Tap Air Portugal
,2021-04-23,Aéroport Humberto Delgado de Lisbonne,38.7772222,-9.1350000,LIS,08:05,DUB,02:40,10:45,Aéroport international de Dublin,53.42667822097449,-6.249931259936072,,21,Lufthansa
,2021-04-23,Aéroport Humberto Delgado de Lisbonne,38.7772222,-9.1350000,LIS,17:00,DUB,02:44,19:44,Aéroport international de Dublin,53.42667822097449,-6.249931259936072,,15,Lufthansa
,2021-04-23,Aéroport Humberto Delgado de Lisbonne,38.7772222,-9.1350000,LIS,13:50,FCO,03:05,16:55,Aéroport Léonard-de-Vinci de Rome Fiumicino,41.8075,12.2508333,,55,Tap Air Portugal
,2021-04-23,Aéroport Humberto Delgado de Lisbonne,38.7772222,-9.1350000,LIS,08:30,FCO,03:10,11:40,Aéroport Léonard-de-Vinci de Rome Fiumicino,41.8075,12.2508333,,49,Tap Air Portugal
,2021-04-23,Aéroport Humberto Delgado de Lisbonne,38.7772222,-9.1350000,LIS,17:25,IST,04:55,22:20,Aéroport d'Istanbul,41.2825,28.7713889,,260,KLM
,2021-04-23,Aéroport Humberto Delgado de Lisbonne,38.7772222,-9.1350000,LIS,12:05,IST,04:50,16:55,Aéroport d'Istanbul,41.2825,28.7713889,,250,Transavia
,2021-04-23,Aéroport Humberto Delgado de Lisbonne,38.7772222,-9.1350000,LIS,06:40,CDG,02:40,09:20,Aéroport de Paris-Charles de Gaulle,49.0142434999854,2.544806865954252,,72,KLM
,2021-04-23,Aéroport Humberto Delgado de Lisbonne,38.7772222,-9.1350000,LIS,13:15,CDG,02:44,15:59,Aéroport de Paris-Charles de Gaulle,49.0142434999854,2.544806865954252,,79,Tap Air Portugal
,2021-04-23,Aéroport Humberto Delgado de Lisbonne,38.7772222,-9.1350000,LIS,16:55,CDG,02:50,19:45,Aéroport de Paris-Charles de Gaulle,49.0142434999854,2.544806865954252,,80,Transavia
,2021-04-23,Aéroport Humberto Delgado de Lisbonne,38.7772222,-9.1350000,LIS,19:45,CDG,02:50,22:35,Aéroport de Paris-Charles de Gaulle,49.0142434999854,2.544806865954252,,88,Tap Air Portugal
,2021-04-23,Aéroport Humberto Delgado de Lisbonne,38.7772222,-9.1350000,LIS,12:25,MAD,01:15,13:40,Aeropuerto de Adolfo Suárez Madrid-Barajas,40.49848719017528,-3.5676196599853203,,25,Tap Air Portugal
,2021-04-23,Aéroport Humberto Delgado de Lisbonne,38.7772222,-9.1350000,LIS,13:25,MAD,01:20,14:45,Aeropuerto de Adolfo Suárez Madrid-Barajas,40.49848719017528,-3.5676196599853203,,30,Lufthansa
,2021-04-23,Aéroport Humberto Delgado de Lisbonne,38.7772222,-9.1350000,LIS,15:50,MAD,01:30,17:20,Aeropuerto de Adolfo Suárez Madrid-Barajas,40.49848719017528,-3.5676196599853203,,32,Lufthansa
,2021-04-23,Aéroport Humberto Delgado de Lisbonne,38.7772222,-9.1350000,LIS,17:40,MAD,01:20,19:00,Aeropuerto de Adolfo Suárez Madrid-Barajas,40.49848719017528,-3.5676196599853203,,50,Tap Air Portugal
,2021-04-23,Aéroport Humberto Delgado de Lisbonne,38.7772222,-9.1350000,LIS,20:05,MAD,01:15,21:20,Aeropuerto de Adolfo Suárez Madrid-Barajas,40.49848719017528,-3.5676196599853203,,24,Tap Air Portugal
,2021-04-23,Aéroport Humberto Delgado de Lisbonne,38.7772222,-9.1350000,LIS,20:55,MAD,01:20,22:15,Aeropuerto de Adolfo Suárez Madrid-Barajas,40.49848719017528,-3.5676196599853203,,29,KLM
,2021-04-23,Aéroport Humberto Delgado de Lisbonne,38.7772222,-9.1350000,LIS,21:35,MAD,01:30,23:05,Aeropuerto de Adolfo Suárez Madrid-Barajas,40.49848719017528,-3.5676196599853203,,35,Transavia
,2021-04-23,Aéroport Humberto Delgado de Lisbonne,38.7772222,-9.1350000,LIS,22:10,MAD,01:20,23:30,Aeropuerto de Adolfo Suárez Madrid-Barajas,40.49848719017528,-3.5676196599853203,,24,KLM
,2021-04-23,Aéroport Humberto Delgado de Lisbonne,38.7772222,-9.1350000,LIS,12:35,SVO,05:50,18:25,Aéroport de Moscou-Cheremetievo,55.9741553226849,37.412529654098726,,420,Tap Air Portugal
,2021-04-23,Aéroport Humberto Delgado de Lisbonne,38.7772222,-9.1350000,LIS,07:40,FRA,03:10,10:50,Flughafen Frankfurt/Main,50.04636632467995,8.561325677686595,,94,Transavia
,2021-04-23,Aéroport Humberto Delgado de Lisbonne,38.7772222,-9.1350000,LIS,09:35,FRA,03:20,12:45,Flughafen Frankfurt/Main,50.04636632467995,8.561325677686595,,50,Tap Air Portugal
,2021-04-23,Aéroport Humberto Delgado de Lisbonne,38.7772222,-9.1350000,LIS,15:45,FRA,03:00,18:45,Flughafen Frankfurt/Main,50.04636632467995,8.561325677686595,,88,KLM
,2021-04-23,Aéroport Humberto Delgado de Lisbonne,38.7772222,-9.1350000,LIS,17:00,FRA,03:10,20:10,Flughafen Frankfurt/Main,50.04636632467995,8.561325677686595,,45,Tap Air Portugal
,2021-04-23,Aéroport Humberto Delgado de Lisbonne,38.7772222,-9.1350000,LIS,19:20,FRA,03:20,22:40,Flughafen Frankfurt/Main,50.04636632467995,8.561325677686595,,33,Lufthansa
,2021-04-23,Aéroport Humberto Delgado de Lisbonne,38.7772222,-9.1350000,LIS,10:05,AMS,03:00,13:05,Amsterdam Airport Schiphol,52.315831708548586,4.771203370264353,,74,Lufthansa
,2021-04-23,Aéroport Humberto Delgado de Lisbonne,38.7772222,-9.1350000,LIS,10:05,AMS,03:05,13:10,Amsterdam Airport Schiphol,52.315831708548586,4.771203370264353,,82,Tap Air Portugal
,2021-04-23,Aéroport Humberto Delgado de Lisbonne,38.7772222,-9.1350000,LIS,12:40,AMS,03:04,15:44,Amsterdam Airport Schiphol,52.315831708548586,4.771203370264353,,80,Tap Air Portugal
,2021-04-23,Aéroport Humberto Delgado de Lisbonne,38.7772222,-9.1350000,LIS,15:40,AMS,03:10,18:50,Amsterdam Airport Schiphol,52.315831708548586,4.771203370264353,,79,KLM
,2021-04-23,Aéroport Humberto Delgado de Lisbonne,38.7772222,-9.1350000,LIS,16:35,AMS,03:00,19:35,Amsterdam Airport Schiphol,52.315831708548586,4.771203370264353,,84,Transavia
,2021-04-23,Aéroport Humberto Delgado de Lisbonne,38.7772222,-9.1350000,LIS,08:35,LHR,02:40,11:15,Heathrow Airport,51.47397190914563,-0.4547353841720964,,108,KLM
,2021-04-23,Aéroport Humberto Delgado de Lisbonne,38.7772222,-9.1350000,LIS,12:05,LHR,02:45,14:50,Heathrow Airport,51.47397190914563,-0.4547353841720964,,99,Tap Air Portugal
,2021-04-23,Aéroport Humberto Delgado de Lisbonne,38.7772222,-9.1350000,LIS,16:00,LHR,02:50,18:50,Heathrow Airport,51.47397190914563,-0.4547353841720964,,70,Transavia
,2021-04-23,Aéroport Humberto Delgado de Lisbonne,38.7772222,-9.1350000,LIS,17:30,LHR,02:40,20:10,Heathrow Airport,51.47397190914563,-0.4547353841720964,,85,Tap Air Portugal
,2021-04-23,Aéroport Humberto Delgado de Lisbonne,38.7772222,-9.1350000,LIS,18:00,LHR,02:40,20:40,Heathrow Airport,51.47397190914563,-0.4547353841720964,,100,KLM
,2021-04-23,Aéroport Humberto Delgado de Lisbonne,38.7772222,-9.1350000,LIS,19:45,LHR,02:45,22:30,Heathrow Airport,51.47397190914563,-0.4547353841720964,,66,Tap Air Portugal